movie_id,actor_1_id,actor_2_id,actor_3_id,actor_4_id,actor_5_id
1,3855.0,4149.0,4504.0,4679.0,3630.0
2,427.0,2088.0,3638.0,3653.0,4752.0
3,3784.0,3544.0,4041.0,3745.0,3372.0
4,699.0,724.0,3814.0,4295.0,1632.0
5,2539.0,3751.0,3926.0,4244.0,4573.0
6,3415.0,3951.0,531.0,4699.0,4092.0
7,4175.0,1015.0,4426.0,3072.0,3886.0
8,153.0,1572.0,532.0,145.0,4408.0
9,830.0,4744.0,2909.0,650.0,4381.0
10,2101.0,167.0,3549.0,3984.0,3758.0
11,3568.0,1468.0,1818.0,2691.0,2392.0
12,3783.0,4594.0,4825.0,324.0,1482.0
13,438.0,1306.0,4850.0,4035.0,2883.0
14,656.0,4513.0,3310.0,3260.0,1098.0
15,765.0,732.0,3201.0,770.0,1637.0
16,325.0,724.0,2467.0,4723.0,1488.0
17,3633.0,4683.0,2364.0,4797.0,2855.0
18,724.0,213.0,2473.0,1923.0,364.0
19,455.0,4780.0,4320.0,3160.0,4146.0
20,339.0,2820.0,4782.0,3194.0,3076.0
21,218.0,71.0,92.0,2855.0,4597.0
22,3836.0,3590.0,4482.0,3500.0,4165.0
23,602.0,4502.0,573.0,4526.0,4397.0
24,324.0,364.0,1178.0,9.0,3570.0
25,4346.0,4430.0,4257.0,4201.0,1485.0
26,487.0,4187.0,3170.0,461.0,772.0
27,1196.0,1590.0,4489.0,4323.0,2635.0
28,3338.0,3494.0,1693.0,4214.0,188.0
29,2438.0,455.0,651.0,637.0,2611.0
30,2527.0,4852.0,1022.0,2015.0,1851.0
31,704.0,350.0,404.0,564.0,3308.0
32,3116.0,1449.0,865.0,1306.0,3663.0
33,1147.0,4399.0,261.0,2981.0,113.0
34,4697.0,461.0,4820.0,1762.0,3488.0
35,661.0,3729.0,4099.0,3618.0,4681.0
36,237.0,1456.0,1437.0,569.0,3339.0
37,4546.0,4655.0,3775.0,4514.0,4215.0
38,4423.0,1818.0,3346.0,3534.0,4378.0
39,634.0,531.0,706.0,317.0,97.0
40,3160.0,2011.0,50.0,410.0,3462.0
41,3169.0,4535.0,3290.0,3945.0,4618.0
42,17.0,1798.0,3297.0,4103.0,4661.0
43,3260.0,1889.0,368.0,2141.0,3126.0
44,557.0,3886.0,3596.0,124.0,359.0
45,58.0,4177.0,4442.0,292.0,3044.0
46,4415.0,635.0,2925.0,3396.0,4603.0
47,4250.0,4496.0,4190.0,3448.0,3976.0
48,308.0,4357.0,4138.0,3539.0,4537.0
49,3643.0,449.0,4600.0,2474.0,3550.0
50,370.0,2938.0,2791.0,3682.0,2012.0
51,455.0,4803.0,3576.0,481.0,2783.0
52,71.0,4335.0,3424.0,4086.0,3437.0
53,3850.0,4179.0,4452.0,3248.0,3116.0
54,657.0,1632.0,4688.0,3522.0,3899.0
55,656.0,4812.0,20.0,3765.0,2524.0
56,4670.0,3328.0,4370.0,3706.0,3872.0
57,770.0,555.0,3636.0,3160.0,4663.0
58,2215.0,1534.0,3919.0,4487.0,470.0
59,1315.0,388.0,3643.0,3753.0,3774.0
60,370.0,461.0,651.0,1637.0,4692.0
61,3656.0,4740.0,4061.0,4637.0,602.0
62,1437.0,1456.0,3339.0,569.0,3801.0
63,659.0,4771.0,4546.0,3840.0,350.0
64,4317.0,455.0,151.0,2479.0,616.0
65,531.0,659.0,345.0,1088.0,1441.0
66,377.0,350.0,4052.0,4532.0,2519.0
67,325.0,677.0,511.0,4714.0,17.0
68,4385.0,1856.0,715.0,1553.0,339.0
69,4578.0,174.0,216.0,3063.0,4498.0
70,513.0,3893.0,4689.0,1359.0,4324.0
71,4547.0,624.0,3386.0,3786.0,3924.0
72,268.0,4068.0,3624.0,2823.0,2251.0
73,2681.0,24.0,4400.0,3573.0,3327.0
74,3546.0,3422.0,4372.0,3483.0,4015.0
75,325.0,3728.0,488.0,3818.0,177.0
76,547.0,1315.0,236.0,4466.0,4025.0
77,687.0,309.0,1394.0,4607.0,4604.0
78,4232.0,4598.0,2802.0,4115.0,4444.0
79,2980.0,2685.0,2347.0,3803.0,3543.0
80,4802.0,3477.0,4321.0,3939.0,4619.0
81,249.0,455.0,4772.0,3737.0,4862.0
82,59.0,4249.0,3896.0,3860.0,4404.0
83,620.0,4559.0,3395.0,3994.0,3853.0
84,4418.0,3953.0,3864.0,4811.0,4396.0
85,3571.0,4594.0,1093.0,4568.0,4271.0
86,699.0,602.0,1966.0,4586.0,2691.0
87,3665.0,4720.0,3497.0,4230.0,3955.0
88,3449.0,4142.0,4786.0,4672.0,2133.0
89,487.0,4187.0,3170.0,461.0,772.0
90,59.0,4302.0,4390.0,3648.0,4196.0
91,4492.0,4424.0,3629.0,2864.0,3712.0
92,4734.0,340.0,4003.0,4669.0,4391.0
93,71.0,335.0,774.0,4854.0,263.0
94,3755.0,4281.0,3591.0,3465.0,3742.0
95,3964.0,4472.0,3880.0,4524.0,4202.0
96,4091.0,1214.0,4221.0,1643.0,2140.0
97,171.0,239.0,1698.0,388.0,4059.0
98,4588.0,124.0,3747.0,368.0,2149.0
99,404.0,2726.0,2355.0,2540.0,4414.0
100,404.0,676.0,3362.0,175.0,3832.0
101,3348.0,4307.0,3610.0,3989.0,3131.0
102,128.0,4262.0,2359.0,3779.0,2432.0
103,2928.0,488.0,4407.0,2232.0,3826.0
104,264.0,345.0,4251.0,724.0,3210.0
105,4857.0,1100.0,4542.0,936.0,3756.0
106,765.0,317.0,403.0,60.0,14.0
107,3447.0,3828.0,1902.0,3398.0,4308.0
108,153.0,663.0,4779.0,4710.0,3743.0
109,3418.0,1028.0,761.0,4008.0,3493.0
110,687.0,438.0,3496.0,370.0,2114.0
111,588.0,3685.0,364.0,2889.0,4074.0
112,2539.0,605.0,4084.0,1966.0,3379.0
113,493.0,4264.0,758.0,4522.0,4589.0
114,3468.0,4599.0,1660.0,4801.0,499.0
115,4863.0,325.0,71.0,3526.0,3669.0
116,2517.0,4351.0,3189.0,4577.0,2142.0
117,2699.0,2867.0,3513.0,4473.0,1852.0
118,4582.0,481.0,3466.0,3187.0,4592.0
119,656.0,2499.0,3451.0,4054.0,3487.0
120,3573.0,4561.0,3900.0,3826.0,3457.0
121,171.0,21.0,4340.0,1778.0,3378.0
122,3634.0,469.0,4253.0,199.0,1360.0
123,3169.0,4532.0,4768.0,4412.0,4273.0
124,4347.0,494.0,3815.0,1604.0,3535.0
125,3460.0,3773.0,3713.0,4633.0,4367.0
126,564.0,4488.0,1060.0,790.0,474.0
127,4734.0,124.0,151.0,1210.0,4645.0
128,4024.0,136.0,3125.0,4148.0,4735.0
129,263.0,450.0,4242.0,100.0,248.0
130,3616.0,2791.0,4216.0,4564.0,336.0
131,4183.0,3887.0,1.0,3981.0,3330.0
132,4005.0,3068.0,3674.0,3710.0,3446.0
133,66.0,1665.0,2980.0,2625.0,74.0
134,263.0,772.0,620.0,218.0,61.0
135,58.0,3802.0,2140.0,286.0,4745.0
136,595.0,557.0,324.0,1109.0,3040.0
137,3356.0,4125.0,165.0,4675.0,4647.0
138,581.0,4510.0,4701.0,4209.0,282.0
139,531.0,659.0,576.0,3799.0,404.0
140,1074.0,4101.0,3819.0,4310.0,1975.0
141,3687.0,1635.0,4631.0,4052.0,2360.0
142,2300.0,1534.0,4738.0,4012.0,4230.0
143,487.0,4187.0,3170.0,461.0,772.0
144,74.0,3325.0,4158.0,704.0,4492.0
145,4079.0,3762.0,3515.0,3972.0,4814.0
146,106.0,3652.0,3373.0,4312.0,4176.0
147,4734.0,4832.0,3705.0,3347.0,2149.0
148,3910.0,797.0,1078.0,4198.0,3624.0
149,2845.0,336.0,24.0,315.0,2865.0
150,784.0,2681.0,4167.0,3608.0,4319.0
151,610.0,4768.0,4553.0,1714.0,3450.0
152,237.0,3430.0,155.0,4129.0,3838.0
153,630.0,1516.0,739.0,3514.0,4829.0
154,724.0,1015.0,3414.0,3494.0,3472.0
155,310.0,3998.0,476.0,472.0,3212.0
156,1665.0,113.0,3611.0,661.0,2498.0
157,367.0,3973.0,3560.0,3930.0,1707.0
158,3746.0,4289.0,452.0,4638.0,267.0
159,61.0,2928.0,4156.0,770.0,3367.0
160,3834.0,3901.0,3929.0,4558.0,4789.0
161,487.0,4045.0,3956.0,4717.0,3468.0
162,4773.0,3707.0,3938.0,3835.0,4867.0
163,1707.0,2408.0,3520.0,3824.0,4300.0
164,130.0,79.0,4830.0,4375.0,4747.0
165,4796.0,184.0,3888.0,4382.0,4109.0
166,4365.0,3660.0,3719.0,3794.0,4226.0
167,2662.0,2492.0,3757.0,4455.0,3289.0
168,171.0,2006.0,4491.0,753.0,4536.0
169,165.0,2982.0,2320.0,703.0,60.0
170,715.0,3435.0,476.0,2540.0,3681.0
171,890.0,126.0,604.0,532.0,3671.0
172,1862.0,404.0,3278.0,3052.0,3812.0
173,4071.0,3894.0,3925.0,3313.0,2846.0
174,4675.0,3705.0,747.0,4068.0,4665.0
175,641.0,1585.0,1358.0,976.0,84.0
176,440.0,1526.0,1974.0,4563.0,2480.0
177,777.0,1098.0,205.0,3502.0,359.0
178,2314.0,3628.0,3631.0,3771.0,4808.0
179,58.0,292.0,3891.0,3797.0,4641.0
180,1276.0,3461.0,4605.0,3827.0,3966.0
181,543.0,295.0,2685.0,3883.0,3874.0
182,130.0,3344.0,965.0,4233.0,3335.0
183,363.0,18.0,2382.0,3389.0,925.0
184,4505.0,3512.0,3559.0,3891.0,2924.0
185,777.0,2854.0,1098.0,3201.0,225.0
186,126.0,488.0,1419.0,4807.0,3575.0
187,113.0,1665.0,3611.0,3612.0,1645.0
188,58.0,2498.0,441.0,4705.0,359.0
189,2616.0,2661.0,4342.0,3722.0,3352.0
190,3286.0,4345.0,4742.0,3309.0,4162.0
191,4075.0,2646.0,3242.0,4548.0,1085.0
192,4132.0,2381.0,4052.0,1756.0,3736.0
193,325.0,677.0,511.0,4714.0,17.0
194,4564.0,77.0,79.0,3303.0,1210.0
195,4859.0,4415.0,4485.0,3027.0,4708.0
196,4155.0,624.0,158.0,4439.0,3318.0
197,4263.0,865.0,4815.0,3942.0,151.0
198,794.0,4613.0,4610.0,3511.0,4581.0
199,1276.0,213.0,333.0,3471.0,4639.0
200,245.0,573.0,1775.0,2677.0,3905.0
201,1276.0,213.0,3523.0,2503.0,2963.0
202,656.0,646.0,774.0,604.0,1572.0
203,3349.0,370.0,2779.0,1604.0,391.0
204,450.0,531.0,3978.0,4453.0,4541.0
205,4539.0,4821.0,4034.0,4374.0,4055.0
206,1108.0,4007.0,4354.0,3071.0,4530.0
207,131.0,2653.0,9.0,4550.0,1988.0
208,1456.0,237.0,1437.0,828.0,548.0
209,3461.0,1028.0,221.0,4395.0,4280.0
210,2251.0,4299.0,552.0,4864.0,4410.0
211,450.0,770.0,2791.0,4321.0,4140.0
212,2692.0,2389.0,3486.0,4164.0,4392.0
213,3747.0,3910.0,4204.0,4069.0,4322.0
214,1546.0,2828.0,3579.0,4521.0,4172.0
215,3983.0,562.0,650.0,4726.0,3696.0
216,4671.0,4501.0,3704.0,3933.0,3565.0
217,634.0,92.0,3656.0,1777.0,825.0
218,1651.0,3831.0,4574.0,3870.0,2087.0
219,1524.0,4227.0,19.0,3453.0,4311.0
220,3051.0,252.0,632.0,430.0,268.0
221,152.0,494.0,2405.0,1673.0,2976.0
222,3288.0,3886.0,2542.0,3021.0,3920.0
223,3641.0,3911.0,3892.0,4090.0,4798.0
224,391.0,3836.0,201.0,634.0,2251.0
225,3537.0,1563.0,4107.0,933.0,4171.0
226,557.0,637.0,3836.0,555.0,3402.0
227,3528.0,3427.0,3666.0,4634.0,4386.0
228,476.0,375.0,4683.0,3854.0,3958.0
229,708.0,4117.0,3367.0,3525.0,1881.0
230,4004.0,622.0,3036.0,4373.0,4623.0
231,3717.0,2763.0,4844.0,4290.0,3293.0
232,33.0,3371.0,2621.0,936.0,4711.0
233,237.0,479.0,4528.0,1771.0,276.0
234,4777.0,3296.0,4276.0,4458.0,4188.0
235,4587.0,4114.0,3750.0,4596.0,4287.0
236,394.0,2887.0,4687.0,1786.0,3885.0
237,602.0,3817.0,3470.0,1660.0,3897.0
238,337.0,98.0,100.0,766.0,4126.0
239,777.0,3741.0,248.0,3747.0,4826.0
240,3378.0,3382.0,3617.0,3540.0,3529.0
241,1456.0,237.0,1437.0,740.0,1100.0
242,1876.0,410.0,440.0,1693.0,4643.0
243,4275.0,3542.0,3805.0,3391.0,4497.0
244,65.0,536.0,3807.0,4263.0,3853.0
245,2855.0,4459.0,1149.0,3041.0,3898.0
246,391.0,1637.0,573.0,3490.0,3799.0
247,2845.0,24.0,315.0,3954.0,4069.0
248,1477.0,285.0,3965.0,3178.0,2467.0
249,3659.0,448.0,3358.0,3298.0,3995.0
250,342.0,4234.0,4658.0,4549.0,4266.0
251,3243.0,2121.0,2727.0,4756.0,4208.0
252,1456.0,1437.0,569.0,3339.0,3801.0
253,659.0,320.0,4062.0,1088.0,3475.0
254,1404.0,1723.0,717.0,4006.0,1289.0
255,224.0,593.0,1723.0,1193.0,3753.0
256,339.0,97.0,3556.0,4543.0,3553.0
257,3836.0,3590.0,4482.0,3500.0,391.0
258,3323.0,4297.0,4838.0,3639.0,250.0
259,694.0,461.0,213.0,4745.0,517.0
260,4199.0,4260.0,4557.0,4056.0,346.0
261,4734.0,124.0,604.0,1210.0,4685.0
262,177.0,3804.0,1367.0,3816.0,292.0
263,280.0,455.0,14.0,4564.0,3802.0
264,3512.0,3640.0,226.0,707.0,4368.0
265,131.0,2653.0,9.0,1988.0,587.0
266,4572.0,3886.0,557.0,4567.0,4843.0
267,4401.0,3218.0,4754.0,4477.0,4644.0
268,250.0,2242.0,770.0,4560.0,4089.0
269,249.0,4298.0,1665.0,4416.0,4590.0
270,299.0,14.0,378.0,160.0,1425.0
271,4152.0,3406.0,97.0,1441.0,132.0
272,100.0,747.0,28.0,1060.0,232.0
273,4192.0,4350.0,4650.0,3856.0,3987.0
274,3983.0,450.0,4533.0,4820.0,3436.0
275,151.0,2.0,320.0,4405.0,4778.0
276,3311.0,476.0,264.0,334.0,4745.0
277,2101.0,720.0,4316.0,4268.0,4509.0
278,661.0,3618.0,1015.0,4681.0,155.0
279,2344.0,4246.0,1437.0,2556.0,1332.0
280,1367.0,153.0,3287.0,4724.0,2594.0
281,2630.0,3058.0,4088.0,424.0,4860.0
282,2908.0,630.0,2643.0,188.0,4243.0
283,4185.0,4252.0,1698.0,1899.0,708.0
284,4347.0,569.0,4069.0,1244.0,291.0
285,200.0,151.0,4738.0,329.0,4459.0
286,4667.0,4648.0,773.0,4028.0,1572.0
287,3597.0,3677.0,3477.0,292.0,4169.0
288,131.0,1788.0,1623.0,4804.0,4223.0
289,2854.0,4271.0,3237.0,4019.0,3541.0
290,3129.0,575.0,3940.0,4700.0,4654.0
291,1170.0,2966.0,4676.0,3810.0,136.0
292,149.0,637.0,341.0,562.0,2169.0
293,4750.0,4562.0,386.0,3670.0,4749.0
294,4713.0,1833.0,205.0,3908.0,4470.0
295,258.0,3688.0,4100.0,226.0,4305.0
296,1931.0,4697.0,3431.0,4695.0,2398.0
297,705.0,3752.0,1210.0,3668.0,3705.0
298,536.0,3692.0,3950.0,4230.0,3800.0
299,851.0,3478.0,3849.0,3829.0,4051.0
300,59.0,4469.0,4847.0,3387.0,4150.0
301,1038.0,4042.0,3883.0,70.0,4228.0
302,3468.0,3377.0,4235.0,1642.0,851.0
303,4621.0,3527.0,3439.0,1785.0,4222.0
304,4263.0,865.0,4815.0,3299.0,4724.0
305,187.0,3022.0,3654.0,4102.0,4179.0
306,656.0,3677.0,3310.0,3260.0,1098.0
307,2314.0,3512.0,1777.0,3592.0,3847.0
308,1456.0,237.0,1437.0,828.0,548.0
309,4294.0,3602.0,4411.0,2910.0,2083.0
310,200.0,4331.0,3472.0,3999.0,3601.0
311,602.0,4406.0,4666.0,4515.0,3503.0
312,350.0,747.0,1590.0,2343.0,4275.0
313,335.0,624.0,200.0,4224.0,4240.0
314,3568.0,1468.0,1818.0,573.0,566.0
315,4851.0,370.0,4061.0,3301.0,540.0
316,1665.0,113.0,3611.0,2498.0,3638.0
317,4505.0,1763.0,4144.0,3401.0,245.0
318,3502.0,517.0,336.0,508.0,305.0
319,171.0,222.0,4080.0,620.0,4421.0
320,244.0,1818.0,2251.0,3921.0,410.0
321,564.0,4348.0,1060.0,790.0,4840.0
322,765.0,1564.0,1067.0,3281.0,770.0
323,71.0,492.0,4203.0,3748.0,1408.0
324,2586.0,4255.0,4612.0,4341.0,3761.0
325,2131.0,1876.0,4066.0,4029.0,3701.0
326,1553.0,4689.0,4627.0,4575.0,4120.0
327,93.0,1570.0,3780.0,4121.0,4278.0
328,3246.0,3469.0,4251.0,3291.0,4569.0
329,373.0,4329.0,295.0,4044.0,4285.0
330,656.0,305.0,2879.0,4554.0,3463.0
331,3055.0,299.0,4017.0,3747.0,4026.0
332,152.0,757.0,4291.0,4133.0,4770.0
333,634.0,317.0,706.0,531.0,97.0
334,706.0,694.0,461.0,3802.0,4224.0
335,3749.0,3282.0,4507.0,3960.0,3944.0
336,784.0,1862.0,4529.0,731.0,1230.0
337,2507.0,4057.0,542.0,2347.0,4445.0
338,2453.0,4033.0,680.0,1553.0,339.0
339,687.0,2845.0,2630.0,4851.0,3815.0
340,213.0,469.0,3675.0,4732.0,4640.0
341,3113.0,525.0,2503.0,3796.0,100.0
342,1372.0,1833.0,4851.0,4022.0,1444.0
343,3022.0,1088.0,4338.0,3918.0,4039.0
344,131.0,4758.0,4839.0,4168.0,4608.0
345,1214.0,3711.0,3970.0,3324.0,4718.0
346,784.0,398.0,3274.0,2429.0,557.0
347,4147.0,4632.0,1267.0,4039.0,4659.0
348,335.0,2928.0,3948.0,650.0,44.0
349,94.0,2698.0,1490.0,431.0,4791.0
350,264.0,4379.0,3476.0,3537.0,3350.0
351,3353.0,3912.0,3292.0,4614.0,4520.0
352,74.0,315.0,3345.0,3636.0,2272.0
353,784.0,3936.0,1635.0,2681.0,1988.0
354,1372.0,4853.0,3606.0,4794.0,4461.0
355,428.0,4085.0,2991.0,1702.0,267.0
356,291.0,1526.0,350.0,4052.0,1642.0
357,564.0,4261.0,3551.0,336.0,4792.0
358,3968.0,420.0,3718.0,2242.0,3351.0
359,656.0,3836.0,473.0,573.0,3044.0
360,4094.0,252.0,4124.0,1872.0,4398.0
361,3786.0,3846.0,4787.0,4674.0,492.0
362,3568.0,1468.0,1818.0,368.0,566.0
363,152.0,3844.0,506.0,4224.0,4803.0
364,765.0,4048.0,324.0,3189.0,3903.0
365,508.0,638.0,3359.0,4095.0,2875.0
366,3425.0,3407.0,2527.0,3473.0,4651.0
367,363.0,18.0,4551.0,932.0,2741.0
368,632.0,309.0,329.0,100.0,4344.0
369,3075.0,4532.0,2457.0,856.0,2874.0
370,1074.0,4101.0,4136.0,336.0,4705.0
371,4046.0,4696.0,1079.0,3791.0,3993.0
372,1204.0,373.0,2093.0,3429.0,3808.0
373,131.0,4186.0,4709.0,3934.0,4763.0
374,394.0,76.0,2990.0,3558.0,4343.0
375,2812.0,3574.0,3584.0,2925.0,3833.0
376,280.0,3481.0,2464.0,1425.0,2452.0
377,90.0,4388.0,4001.0,636.0,1647.0
378,1276.0,2251.0,3517.0,4083.0,3915.0
379,1338.0,4301.0,950.0,2197.0,3769.0
380,4293.0,4762.0,4053.0,4355.0,3474.0
381,70.0,2133.0,4511.0,3684.0,4824.0
382,450.0,709.0,1197.0,4534.0,4707.0
383,706.0,377.0,1015.0,490.0,2086.0
384,2251.0,3518.0,973.0,4585.0,3397.0
385,641.0,3689.0,4481.0,4282.0,3937.0
386,237.0,613.0,1687.0,3949.0,1884.0
387,373.0,24.0,4722.0,1623.0,2644.0
388,1456.0,237.0,1437.0,828.0,548.0
389,3747.0,713.0,469.0,250.0,4462.0
390,784.0,493.0,1635.0,731.0,3113.0
391,3346.0,3922.0,377.0,14.0,4095.0
392,724.0,3836.0,4564.0,4093.0,3827.0
393,152.0,494.0,2813.0,428.0,457.0
394,250.0,177.0,659.0,3458.0,908.0
395,4606.0,4130.0,4389.0,3889.0,4369.0
396,3813.0,4371.0,3516.0,3375.0,4419.0
397,324.0,339.0,2540.0,2477.0,2272.0
398,4175.0,4688.0,3961.0,3593.0,4447.0
399,652.0,4021.0,393.0,4010.0,3730.0
400,3024.0,777.0,1425.0,4719.0,1246.0
401,221.0,4861.0,2462.0,4131.0,666.0
402,476.0,774.0,4694.0,812.0,3890.0
403,494.0,1646.0,1087.0,245.0,334.0
404,4769.0,4163.0,3974.0,3895.0,920.0
405,237.0,2564.0,3694.0,1884.0,3635.0
406,765.0,1553.0,3326.0,2609.0,3417.0
407,3461.0,1028.0,221.0,4395.0,309.0
408,4841.0,4377.0,1646.0,198.0,4682.0
409,1777.0,3032.0,2589.0,2987.0,821.0
410,441.0,3438.0,3399.0,718.0,2280.0
411,995.0,3708.0,525.0,4403.0,3357.0
412,3233.0,38.0,3564.0,636.0,3520.0
413,328.0,3865.0,3793.0,4799.0,3507.0
414,3850.0,4179.0,3248.0,4452.0,4220.0
415,66.0,1665.0,2980.0,2625.0,2661.0
416,2527.0,415.0,946.0,1022.0,4852.0
417,687.0,131.0,398.0,2963.0,3572.0
418,770.0,3280.0,470.0,2314.0,336.0
419,59.0,4691.0,4601.0,423.0,4065.0
420,3668.0,2539.0,4135.0,4832.0,3364.0
421,661.0,4383.0,24.0,310.0,3406.0
422,4776.0,1144.0,1403.0,896.0,1707.0
423,4664.0,3589.0,3959.0,4248.0,3770.0
424,4727.0,706.0,144.0,74.0,4499.0
425,177.0,305.0,525.0,368.0,4467.0
426,420.0,235.0,4002.0,3354.0,3714.0
427,215.0,3869.0,4166.0,4721.0,4580.0
428,3727.0,4327.0,4615.0,3201.0,4159.0
429,2497.0,4038.0,2970.0,3078.0,2041.0
430,249.0,599.0,651.0,1098.0,2854.0
431,2517.0,334.0,846.0,4184.0,4764.0
432,4713.0,1015.0,286.0,2280.0,325.0
433,494.0,3039.0,4733.0,4433.0,320.0
434,3859.0,4620.0,4748.0,4118.0,3811.0
435,536.0,225.0,3692.0,3723.0,4397.0
436,317.0,634.0,97.0,167.0,73.0
437,687.0,4858.0,4043.0,4845.0,3722.0
438,121.0,3384.0,3317.0,2996.0,4358.0
439,107.0,1024.0,3667.0,3866.0,2376.0
440,363.0,81.0,1533.0,1266.0,3213.0
441,724.0,2630.0,2453.0,1074.0,205.0
442,4206.0,295.0,3941.0,2500.0,4259.0
443,187.0,3891.0,774.0,4013.0,2883.0
444,58.0,350.0,4761.0,4524.0,4499.0
445,634.0,317.0,706.0,531.0,97.0
446,634.0,92.0,3656.0,97.0,132.0
447,4703.0,3482.0,3690.0,4736.0,4134.0
448,3996.0,3873.0,3307.0,3849.0,2197.0
449,285.0,379.0,3985.0,3777.0,4067.0
450,4540.0,1018.0,4565.0,3763.0,2812.0
451,2438.0,2225.0,438.0,3904.0,1462.0
452,3862.0,3861.0,3326.0,4690.0,3077.0
453,3406.0,450.0,489.0,3825.0,3620.0
454,74.0,461.0,2246.0,944.0,3662.0
455,687.0,370.0,4713.0,4585.0,4440.0
456,3859.0,3489.0,4831.0,4151.0,4684.0
457,314.0,781.0,3505.0,729.0,4163.0
458,4317.0,2854.0,661.0,1398.0,616.0
459,765.0,379.0,2391.0,359.0,4854.0
460,652.0,2868.0,3916.0,2990.0,2014.0
461,345.0,2438.0,4668.0,341.0,1897.0
462,493.0,1643.0,1975.0,784.0,3274.0
463,264.0,724.0,604.0,213.0,3732.0
464,625.0,4854.0,4154.0,2381.0,3251.0
465,3778.0,662.0,4800.0,3582.0,3536.0
466,201.0,345.0,964.0,3821.0,4454.0
467,2169.0,1076.0,651.0,3985.0,3621.0
468,126.0,2344.0,3304.0,532.0,2614.0
469,263.0,3347.0,3068.0,4354.0,3317.0
470,658.0,4315.0,3492.0,4702.0,3561.0
471,245.0,573.0,770.0,2912.0,3788.0
472,4288.0,3776.0,4296.0,4313.0,4525.0
473,3169.0,3815.0,4583.0,4642.0,4752.0
474,1079.0,4018.0,420.0,4446.0,3726.0
475,58.0,2498.0,441.0,4705.0,1684.0
476,734.0,3509.0,4757.0,4593.0,1927.0
477,450.0,1433.0,,,
478,1647.0,2785.0,4277.0,90.0,3785.0
479,155.0,4306.0,3440.0,4441.0,3484.0
480,784.0,4489.0,1635.0,1467.0,4602.0
481,101.0,2049.0,332.0,3331.0,3095.0
482,3546.0,1234.0,3343.0,4495.0,3957.0
483,4317.0,377.0,634.0,2479.0,616.0
484,3055.0,4017.0,299.0,4026.0,1495.0
485,734.0,3716.0,3619.0,4245.0,4848.0
486,724.0,237.0,403.0,768.0,4854.0
487,513.0,2462.0,3893.0,2000.0,666.0
488,708.0,487.0,784.0,4760.0,1891.0
489,377.0,213.0,3367.0,1553.0,4360.0
490,3687.0,1635.0,4631.0,2360.0,2106.0
491,261.0,3379.0,375.0,99.0,4622.0
492,830.0,462.0,3426.0,3837.0,254.0
493,1157.0,3661.0,4855.0,3798.0,4014.0
494,213.0,4772.0,3347.0,160.0,562.0
495,263.0,1028.0,768.0,658.0,708.0
496,263.0,1028.0,768.0,766.0,4584.0
497,609.0,4508.0,2519.0,3366.0,4833.0
498,524.0,1526.0,731.0,2015.0,1317.0
499,4182.0,3672.0,1559.0,3598.0,1076.0
500,720.0,4579.0,3405.0,4236.0,3839.0
501,634.0,4862.0,890.0,92.0,4016.0
502,536.0,3715.0,4517.0,137.0,4817.0
503,1087.0,4836.0,4624.0,1286.0,3598.0
504,4680.0,638.0,472.0,4078.0,4737.0
505,637.0,3407.0,3946.0,1653.0,4692.0
506,569.0,97.0,410.0,4437.0,2864.0
507,654.0,4049.0,3321.0,4112.0,3858.0
508,3568.0,1468.0,1818.0,1604.0,300.0
509,620.0,4218.0,335.0,71.0,3924.0
510,1901.0,524.0,4460.0,1513.0,3385.0
511,201.0,92.0,329.0,285.0,774.0
512,637.0,430.0,3734.0,4560.0,3680.0
513,201.0,562.0,239.0,4352.0,4656.0
514,427.0,3638.0,2088.0,4284.0,2042.0
515,394.0,3452.0,4181.0,4767.0,1080.0
516,4292.0,1923.0,1078.0,3605.0,3444.0
517,18.0,3792.0,977.0,395.0,1641.0
518,3983.0,48.0,487.0,142.0,778.0
519,3828.0,1210.0,3495.0,2802.0,3021.0
520,536.0,249.0,4823.0,3438.0,4269.0
521,1273.0,3623.0,4268.0,3790.0,4079.0
522,602.0,784.0,4397.0,3042.0,3731.0
523,2920.0,3768.0,4483.0,4361.0,556.0
524,641.0,380.0,218.0,4686.0,2691.0
525,3183.0,3557.0,3510.0,622.0,2681.0
526,4076.0,3403.0,336.0,3651.0,3363.0
527,3672.0,777.0,2779.0,4116.0,3861.0
528,24.0,324.0,230.0,3927.0,3986.0
529,93.0,4091.0,4402.0,4555.0,2214.0
530,93.0,664.0,3322.0,622.0,4387.0
531,213.0,4219.0,4547.0,3433.0,3954.0
532,100.0,9.0,4523.0,3688.0,3476.0
533,317.0,4513.0,167.0,3479.0,1151.0
534,3983.0,441.0,244.0,4270.0,756.0
535,648.0,3021.0,2452.0,4054.0,2820.0
536,70.0,4238.0,3852.0,3506.0,3459.0
537,4774.0,543.0,4837.0,2275.0,1866.0
538,602.0,97.0,4544.0,4104.0,4652.0
539,73.0,237.0,4834.0,3871.0,3626.0
540,531.0,659.0,576.0,404.0,359.0
541,65.0,595.0,506.0,4731.0,3404.0
542,1184.0,811.0,3882.0,3586.0,3615.0
543,4328.0,4195.0,3928.0,3738.0,4576.0
544,4175.0,60.0,4471.0,4626.0,4108.0
545,4317.0,86.0,4628.0,4157.0,268.0
546,2949.0,131.0,3312.0,3913.0,4467.0
547,59.0,4469.0,3648.0,3699.0,2518.0
548,1477.0,3965.0,3178.0,2467.0,335.0
549,494.0,4155.0,4079.0,706.0,476.0
550,249.0,345.0,341.0,4450.0,825.0
551,776.0,3329.0,4677.0,4193.0,4359.0
552,4384.0,2297.0,4635.0,4137.0,4856.0
553,350.0,4439.0,4173.0,4457.0,4364.0
554,595.0,201.0,4843.0,71.0,543.0
555,438.0,3642.0,4693.0,77.0,3848.0
556,324.0,97.0,131.0,1087.0,515.0
557,97.0,2251.0,4591.0,3456.0,4247.0
558,4449.0,4303.0,2754.0,1434.0,4556.0
559,4331.0,2802.0,4030.0,4790.0,1.0
560,317.0,151.0,97.0,593.0,167.0
561,455.0,706.0,3765.0,634.0,417.0
562,65.0,285.0,4067.0,637.0,3718.0
563,661.0,441.0,853.0,4518.0,3521.0
564,564.0,790.0,3032.0,1151.0,3554.0
565,81.0,2598.0,3305.0,2191.0,4781.0
566,4729.0,3320.0,3300.0,3857.0,3698.0
567,4570.0,359.0,3891.0,3434.0,3998.0
568,2.0,267.0,3106.0,4805.0,2596.0
569,2517.0,29.0,469.0,4420.0,3830.0
570,4127.0,4178.0,4484.0,4751.0,3879.0
571,4741.0,3374.0,3733.0,3641.0,3969.0
572,4424.0,1400.0,461.0,4802.0,3607.0
573,2114.0,2928.0,4727.0,340.0,364.0
574,3677.0,280.0,699.0,14.0,2028.0
575,900.0,3877.0,3380.0,4128.0,4842.0
576,86.0,4771.0,3845.0,4141.0,1369.0
577,487.0,4187.0,3170.0,461.0,772.0
578,543.0,3747.0,2142.0,4180.0,3523.0
579,4578.0,174.0,3063.0,1636.0,4231.0
580,339.0,592.0,221.0,1994.0,2940.0
581,4810.0,222.0,341.0,4254.0,4500.0
582,152.0,494.0,2813.0,3347.0,428.0
583,2727.0,3243.0,2121.0,542.0,2386.0
584,3479.0,640.0,4846.0,4354.0,3986.0
585,734.0,4409.0,4476.0,3120.0,3632.0
586,285.0,3314.0,3875.0,4362.0,1014.0
587,4657.0,3990.0,1145.0,3552.0,180.0
588,1150.0,3658.0,3368.0,4609.0,4020.0
589,494.0,336.0,3709.0,3806.0,4728.0
590,305.0,4448.0,268.0,4494.0,3348.0
591,712.0,2887.0,4753.0,920.0,4463.0
592,552.0,4280.0,3943.0,4598.0,3747.0
593,450.0,4122.0,3237.0,3650.0,3169.0
594,3618.0,48.0,261.0,661.0,334.0
595,4334.0,4552.0,4191.0,3931.0,3284.0
596,2845.0,24.0,315.0,3066.0,1385.0
597,380.0,2523.0,171.0,92.0,4262.0
598,1538.0,493.0,4559.0,1643.0,4205.0
599,3568.0,1468.0,1818.0,1360.0,566.0
600,4139.0,4000.0,3618.0,604.0,341.0
601,86.0,759.0,604.0,258.0,1881.0
602,4063.0,4237.0,3381.0,4785.0,3625.0
603,8.0,4678.0,1624.0,762.0,3454.0
604,4326.0,4123.0,3843.0,4239.0,3935.0
605,687.0,201.0,93.0,86.0,2963.0
606,201.0,373.0,94.0,359.0,4865.0
607,531.0,5.0,4864.0,3329.0,4286.0
608,3836.0,2364.0,225.0,2432.0,964.0
609,261.0,4084.0,1807.0,286.0,2982.0
610,531.0,706.0,576.0,285.0,677.0
611,213.0,310.0,336.0,1632.0,2996.0
612,363.0,1631.0,81.0,3400.0,3213.0
613,4073.0,1763.0,1076.0,4849.0,3644.0
614,2963.0,1538.0,2714.0,2603.0,790.0
615,3568.0,1818.0,1468.0,300.0,292.0
616,3641.0,4077.0,4256.0,31.0,281.0
617,384.0,3759.0,19.0,4827.0,3285.0
618,734.0,309.0,24.0,706.0,66.0
619,1777.0,699.0,2855.0,3637.0,622.0
620,244.0,2058.0,3192.0,1076.0,777.0
621,610.0,965.0,254.0,3283.0,3441.0
622,4630.0,48.0,2938.0,677.0,1777.0
623,2115.0,2964.0,119.0,1841.0,3679.0
624,249.0,3983.0,48.0,4298.0,1665.0
625,634.0,317.0,531.0,225.0,706.0
626,656.0,198.0,4213.0,3962.0,4274.0
627,591.0,60.0,2807.0,2552.0,2108.0
628,640.0,4431.0,4309.0,3428.0,1959.0
629,3545.0,3315.0,2343.0,427.0,4210.0
630,94.0,3677.0,694.0,4336.0,280.0
631,3260.0,1889.0,3127.0,4465.0,3744.0
632,4351.0,4087.0,4023.0,375.0,3406.0
633,3947.0,3841.0,440.0,165.0,4058.0
634,333.0,1430.0,687.0,3531.0,151.0
635,4187.0,4330.0,4161.0,542.0,3334.0
636,687.0,784.0,1186.0,310.0,1597.0
637,599.0,3868.0,4448.0,3409.0,3781.0
638,3201.0,3479.0,225.0,461.0,3634.0
639,564.0,707.0,4216.0,1060.0,790.0
640,3943.0,3991.0,4349.0,3566.0,4506.0
641,325.0,167.0,608.0,4189.0,4732.0
642,71.0,67.0,4564.0,3431.0,3627.0
643,724.0,651.0,3678.0,4314.0,4443.0
644,3571.0,2855.0,4572.0,3252.0,333.0
645,2590.0,351.0,58.0,535.0,2923.0
646,4417.0,4106.0,4629.0,1284.0,4519.0
647,153.0,461.0,132.0,1076.0,3851.0
648,131.0,2653.0,1075.0,254.0,248.0
649,654.0,3319.0,3464.0,1485.0,4646.0
650,715.0,713.0,3420.0,3413.0,4464.0
651,2677.0,1234.0,2698.0,779.0,3980.0
652,641.0,4344.0,1585.0,4145.0,976.0
653,4777.0,720.0,3881.0,4474.0,3760.0
654,394.0,4704.0,3822.0,1797.0,1386.0
655,3875.0,2091.0,3676.0,3519.0,4211.0
656,694.0,1276.0,3024.0,2395.0,3979.0
657,3695.0,651.0,334.0,44.0,1240.0
658,3455.0,3782.0,4425.0,3655.0,4197.0
659,430.0,2391.0,3332.0,3622.0,4097.0
660,2812.0,3963.0,4047.0,3355.0,4031.0
661,3609.0,2219.0,894.0,4217.0,3581.0
662,4422.0,337.0,3112.0,3766.0,1737.0
663,131.0,1799.0,4765.0,4746.0,2299.0
664,3914.0,4241.0,1966.0,174.0,874.0
665,222.0,224.0,1623.0,4810.0,3613.0
666,218.0,322.0,3563.0,3673.0,424.0
667,4480.0,3169.0,3595.0,4376.0,4795.0
668,345.0,341.0,250.0,4835.0,704.0
669,1214.0,1100.0,936.0,4050.0,4214.0
670,333.0,4218.0,4064.0,3112.0,2224.0
671,3193.0,3412.0,1024.0,4649.0,2852.0
672,2524.0,221.0,2563.0,585.0,676.0
673,784.0,2864.0,1635.0,3499.0,1011.0
674,177.0,3241.0,4698.0,4393.0,1494.0
675,2366.0,2029.0,3555.0,3917.0,3273.0
676,4318.0,2117.0,3390.0,4725.0,3538.0
677,3645.0,3342.0,4490.0,4531.0,4380.0
678,554.0,3884.0,1921.0,3683.0,4783.0
679,2539.0,2101.0,,,
680,264.0,777.0,4509.0,3470.0,3878.0
681,295.0,1181.0,1870.0,4353.0,3216.0
682,202.0,3416.0,4486.0,3702.0,2083.0
683,3180.0,3467.0,2466.0,1613.0,4304.0
684,1067.0,3548.0,3498.0,792.0,3876.0
685,1538.0,3923.0,3520.0,2049.0,3787.0
686,4774.0,3472.0,3982.0,4070.0,3906.0
687,3700.0,37.0,4216.0,4434.0,3442.0
688,4480.0,305.0,4427.0,295.0,450.0
689,237.0,3365.0,2320.0,34.0,3341.0
690,625.0,112.0,4283.0,4739.0,3657.0
691,3568.0,1818.0,1468.0,770.0,713.0
692,58.0,2498.0,441.0,359.0,286.0
693,3487.0,659.0,704.0,2962.0,3863.0
694,487.0,3201.0,506.0,758.0,3508.0
695,65.0,3862.0,3419.0,4067.0,4760.0
696,4336.0,552.0,1966.0,4854.0,3264.0
697,4571.0,4087.0,3585.0,3408.0,3720.0
698,4099.0,4225.0,2609.0,4611.0,2042.0
699,3647.0,2138.0,459.0,4756.0,4438.0
700,3184.0,4822.0,261.0,2981.0,1013.0
701,3994.0,2391.0,3306.0,262.0,1529.0
702,765.0,3594.0,155.0,732.0,1087.0
703,687.0,487.0,557.0,285.0,3992.0
704,427.0,3638.0,2088.0,758.0,3569.0
705,493.0,784.0,20.0,2499.0,1799.0
706,3287.0,149.0,2609.0,3485.0,2299.0
707,213.0,706.0,336.0,4435.0,4819.0
708,295.0,1181.0,4060.0,4545.0,3820.0
709,1276.0,2749.0,3754.0,3547.0,4174.0
710,3316.0,126.0,3997.0,3809.0,3691.0
711,3302.0,1215.0,3795.0,3587.0,4339.0
712,2344.0,126.0,532.0,1557.0,3352.0
713,1841.0,2115.0,3764.0,2204.0,4468.0
714,,,,,
715,641.0,3703.0,218.0,1477.0,4616.0
716,4475.0,4160.0,3410.0,4716.0,4428.0
717,71.0,747.0,4605.0,3021.0,3531.0
718,345.0,2519.0,4454.0,2161.0,417.0
719,295.0,1181.0,3767.0,4516.0,4366.0
720,317.0,654.0,506.0,676.0,515.0
721,2780.0,3177.0,1655.0,544.0,1116.0
722,777.0,1553.0,306.0,4213.0,296.0
723,3393.0,3533.0,4806.0,4809.0,4229.0
724,554.0,4036.0,4673.0,4828.0,4325.0
725,222.0,1015.0,4607.0,4706.0,2314.0
726,245.0,305.0,2677.0,3847.0,4073.0
727,71.0,4780.0,1430.0,219.0,48.0
728,687.0,706.0,2242.0,636.0,651.0
729,493.0,3274.0,1193.0,2381.0,4212.0
730,2065.0,4617.0,3967.0,4538.0,4436.0
731,4272.0,4456.0,3772.0,4170.0,4111.0
732,345.0,704.0,370.0,438.0,637.0
733,694.0,2232.0,3388.0,851.0,4866.0
734,4113.0,4503.0,4451.0,,
735,4207.0,3423.0,4356.0,4793.0,3975.0
736,3011.0,2855.0,3491.0,3333.0,3600.0
737,261.0,1013.0,4275.0,741.0,3411.0
738,4479.0,4818.0,295.0,4743.0,3789.0
739,1737.0,1441.0,3588.0,4625.0,3697.0
740,788.0,151.0,784.0,3580.0,377.0
741,687.0,71.0,325.0,4566.0,1632.0
742,155.0,4306.0,4105.0,4755.0,4332.0
743,3842.0,3417.0,1559.0,3530.0,3604.0
744,4502.0,708.0,3902.0,3392.0,4037.0
745,222.0,2314.0,324.0,3686.0,1109.0
746,687.0,335.0,325.0,149.0,3985.0
747,731.0,2941.0,2015.0,3295.0,532.0
748,4448.0,4394.0,461.0,4788.0,3480.0
749,149.0,4727.0,603.0,4258.0,3662.0
750,136.0,151.0,2527.0,715.0,3310.0
751,340.0,3725.0,677.0,3666.0,3532.0
752,4712.0,149.0,3740.0,3361.0,3369.0
753,245.0,4591.0,2726.0,1564.0,4730.0
754,699.0,3376.0,506.0,4225.0,2391.0
755,2791.0,476.0,364.0,260.0,4816.0
756,1273.0,4401.0,4526.0,1102.0,1811.0
757,585.0,1668.0,1750.0,4011.0,2241.0
758,4009.0,336.0,3577.0,4267.0,2464.0
759,4566.0,4478.0,2894.0,4803.0,3578.0
760,177.0,1779.0,3294.0,4636.0,3398.0
761,3977.0,4087.0,3693.0,4027.0,4110.0
762,131.0,2653.0,1988.0,2618.0,587.0
763,2514.0,3932.0,3501.0,3340.0,4096.0
764,4098.0,3645.0,4595.0,4527.0,4813.0
765,3362.0,28.0,3735.0,1289.0,1626.0
766,659.0,1151.0,3583.0,1409.0,676.0
767,24.0,2823.0,3546.0,916.0,4032.0
768,691.0,3419.0,632.0,4526.0,4775.0
769,48.0,515.0,3724.0,3360.0,3721.0
770,1456.0,237.0,1437.0,828.0,548.0
771,1372.0,3345.0,4119.0,401.0,3394.0
772,1553.0,71.0,292.0,1689.0,603.0
773,659.0,604.0,3988.0,1582.0,4429.0
774,3233.0,603.0,3376.0,4632.0,1317.0
775,3280.0,1837.0,3421.0,3370.0,3524.0
776,213.0,2726.0,4591.0,2791.0,3592.0
777,4546.0,4655.0,3775.0,4514.0,4215.0
778,370.0,651.0,2215.0,4194.0,4692.0
779,71.0,285.0,3562.0,4072.0,3846.0
780,3971.0,1647.0,3383.0,90.0,3739.0
781,3568.0,1468.0,1818.0,2291.0,292.0
782,263.0,1028.0,768.0,658.0,708.0
783,66.0,1665.0,2980.0,2625.0,74.0
784,455.0,2215.0,4153.0,473.0,4759.0
785,131.0,4854.0,2919.0,3443.0,1281.0
786,249.0,4269.0,4298.0,3567.0,4129.0
787,1931.0,2398.0,4697.0,2685.0,3431.0
788,3051.0,252.0,632.0,3636.0,4546.0
789,79.0,4189.0,4653.0,4333.0,2928.0
790,2088.0,1698.0,4363.0,1039.0,3261.0
791,2364.0,2314.0,515.0,1564.0,153.0
792,3445.0,3823.0,4766.0,4413.0,3432.0
793,198.0,364.0,4131.0,3952.0,4200.0
794,3666.0,1316.0,3160.0,3336.0,4337.0
795,18.0,3599.0,4081.0,3603.0,4432.0
796,4784.0,4512.0,1280.0,579.0,2277.0
797,1984.0,1535.0,2525.0,569.0,3646.0
798,3907.0,1190.0,4265.0,4660.0,3867.0
799,2220.0,4493.0,3649.0,4715.0,3504.0
800,201.0,94.0,340.0,260.0,4772.0
801,2962.0,822.0,2184.0,1808.0,283.0
802,770.0,661.0,1372.0,2242.0,1593.0
803,3664.0,4662.0,4279.0,3614.0,3909.0
804,4389.0,4143.0,3337.0,4082.0,4040.0
805,426.0,58.0,637.0,292.0,216.0
