user_id,Openness,Conscientiousness,Extraversion,Agreeableness,Neuroticism,rating_variance,genre_diversity,long_high_rated_count
0.0,0.0,0.0,1.0,0.0,0.0,0.3200299297801313,0.009637244835138802,0.09463198671831764
1.0,0.0,0.0,1.0,1.0,0.0,0.73674916573971,0.007371715643289782,0.07194244604316546
2.0,0.0,0.0,0.0,0.0,0.0,1.0675293663195977,0.002106449886520513,0.04371887105700055
3.0,0.0,0.0,1.0,1.0,0.0,1.0920894196604822,0.013127650319636017,0.11012728278915328
4.0,0.0,0.0,0.0,0.0,0.0,0.9121844870544893,0.0025557638089926376,0.04095185390149418
5.0,0.0,0.0,1.0,0.0,0.0,0.8902627632863732,0.008376292242146127,0.08079690094078583
6.0,0.0,0.0,0.0,0.0,0.0,0.8013562002067746,0.004853058886080037,0.06032097399003873
7.0,0.0,0.0,1.0,0.0,0.0,0.41491894292693754,0.0075264220637280485,0.07636967349197564
8.0,0.0,0.0,0.0,0.0,0.0,1.1534289439374195,0.010053137423092665,0.08301051466519091
9.0,0.0,0.0,1.0,1.0,1.0,0.6632677543186185,0.01497975448000495,0.12672938572219147
11.0,,,,,,0.6532913917446681,0.0038993639264108437,0.04537908135030437
12.0,0.0,0.0,0.0,0.0,0.0,1.339823256991931,0.005434652576481911,0.059214167127836184
13.0,0.0,0.0,1.0,0.0,0.0,0.6538377843719085,0.017635438708739563,0.11621472053126729
14.0,0.0,0.0,1.0,1.0,0.0,0.8499783906962121,0.009271577953638548,0.08301051466519091
15.0,0.0,0.0,1.0,0.0,0.0,1.2205793737585642,0.0040753100734588436,0.05091311566131709
16.0,0.0,0.0,0.0,0.0,0.0,0.7616972918833547,0.010164958336714507,0.10016602102933038
17.0,0.0,0.0,1.0,0.0,0.0,0.7483153638814019,0.002470242674496379,0.05589374654122855
18.0,0.0,0.0,0.0,0.0,0.0,1.0226560688855766,0.006345274619982246,0.07636967349197564
19.0,0.0,0.0,1.0,0.0,0.0,0.4363495359688253,0.0027592591308491458,0.029330381848367455
20.0,0.0,0.0,0.0,0.0,0.0,0.6285825969203274,0.005533698419245838,0.06364139457664637
21.0,0.0,0.0,1.0,1.0,0.0,0.7381393748865297,0.00885137495057859,0.08577753182069728
22.0,0.0,0.0,1.0,0.0,0.0,0.6465692708630565,0.008972566331822375,0.09407858328721637
23.0,0.0,0.0,1.0,0.0,0.0,0.8856142067242593,0.0009419506402496942,0.023796347537354733
24.0,0.0,0.0,0.0,0.0,0.0,1.070458196713611,0.007732978405007726,0.0874377421140011
25.0,0.0,0.0,0.0,0.0,0.0,0.5596530688442448,0.00786897512509418,0.08245711123408965
26.0,0.0,0.0,1.0,0.0,0.0,0.8014190487874693,0.004980528480630523,0.059214167127836184
27.0,0.0,0.0,1.0,0.0,0.0,0.7163109664646946,0.010849408526713232,0.10514665190924183
28.0,0.0,0.0,0.0,0.0,0.0,0.8431989989823684,0.004869863258015387,0.06419479800774765
29.0,0.0,0.0,0.0,0.0,0.0,0.836725484477282,0.00892705709407181,0.08909795240730492
30.0,0.0,0.0,1.0,1.0,0.0,0.7451997863992006,0.0033727436460576966,0.060874377421140005
31.0,0.0,0.0,1.0,0.0,0.0,0.3654910179640718,0.008377416698260757,0.09463198671831764
32.0,0.0,0.0,1.0,0.0,1.0,1.7524435088103019,0.004996489510479897,0.06364139457664637
33.0,0.0,0.0,0.0,0.0,0.0,0.5507286655174262,0.07892532480695741,0.19147758716104038
34.0,0.0,0.0,1.0,1.0,1.0,0.7395586439704098,0.006642599557626468,0.07636967349197564
35.0,0.0,0.0,1.0,0.0,0.0,0.8561072914014085,0.0072727947400941465,0.08024349750968456
36.0,0.0,0.0,1.0,1.0,0.0,0.8159821746880574,0.0033785533359833005,0.04593248478140564
37.0,0.0,0.0,0.0,0.0,0.0,0.7311045497061326,0.0022202385983429635,0.03154399557277255
39.0,0.0,0.0,0.0,0.0,0.0,0.4871049009168114,0.004575162051305307,0.06474820143884892
40.0,,,,,,0.3200207468879665,0.0029721873901117444,0.05146651909241837
41.0,0.0,0.0,1.0,0.0,0.0,0.6134346766307119,0.011542167198003411,0.10071942446043164
42.0,0.0,0.0,1.0,0.0,0.0,0.7083862919549967,0.003470477623354553,0.034864416159380185
43.0,0.0,0.0,1.0,0.0,1.0,0.8846459991621283,0.0012375264239378211,0.02877697841726618
44.0,0.0,0.0,0.0,0.0,0.0,1.095625409776353,0.004824572664509332,0.059214167127836184
45.0,0.0,0.0,0.0,0.0,0.0,0.9821906740535545,0.0045322453095968124,0.06419479800774765
46.0,0.0,0.0,0.0,0.0,0.0,0.45912664269272885,0.008420239735293033,0.08688433868289983
47.0,0.0,0.0,0.0,0.0,0.0,0.8667271686520013,0.0039206661228047245,0.06142778085224128
48.0,0.0,0.0,1.0,0.0,0.0,0.689230820533342,0.009045812153733889,0.06198118428334255
49.0,0.0,0.0,0.0,0.0,0.0,0.4248598366686735,0.008096490078954934,0.06640841173215273
50.0,0.0,0.0,0.0,0.0,0.0,0.7439194348988162,0.01372492392585861,0.10846707249584947
51.0,0.0,0.0,0.0,0.0,0.0,0.40276071235130106,0.0114332198944523,0.09186496956281129
52.0,0.0,0.0,1.0,0.0,1.0,0.5910055671537924,0.011356069711031641,0.08688433868289983
53.0,0.0,0.0,1.0,1.0,0.0,0.470797154620684,0.001371461641147447,0.030990592141671276
54.0,0.0,0.0,1.0,1.0,0.0,1.469345742819459,0.0045239680631974305,0.05755395683453237
55.0,0.0,0.0,0.0,0.0,0.0,0.5552102618354939,0.007159786900573526,0.0874377421140011
56.0,0.0,0.0,0.0,0.0,0.0,0.24799465240641705,0.00010523035139440989,0.007194244604316545
57.0,0.0,0.0,1.0,0.0,0.0,0.6858734050405989,0.002056817643016293,0.042612064194798
58.0,0.0,0.0,0.0,0.0,0.0,0.42340477555563055,0.007627748053613316,0.08024349750968456
59.0,0.0,0.0,0.0,0.0,0.0,0.43874535798426717,0.0023862208148196316,0.03375760929717764
60.0,0.0,0.0,1.0,0.0,0.0,1.0350183055147164,0.003871471167789529,0.058107360265633644
62.0,0.0,0.0,0.0,0.0,0.0,0.819216713188109,0.008960415958805923,0.0896513558384062
63.0,0.0,0.0,1.0,0.0,0.0,0.535271638422426,0.016626020701611885,0.12728278915329275
64.0,,,,,,0.8425859314221654,0.010778130503002324,0.09463198671831764
65.0,0.0,0.0,1.0,0.0,0.0,0.29443566702873486,0.0012281871912079522,0.02877697841726618
66.0,0.0,0.0,1.0,1.0,1.0,0.5754612546125465,0.002368385691445868,0.04095185390149418
67.0,0.0,0.0,1.0,0.0,1.0,0.7142659057405163,0.007008172734450504,0.0813503043718871
68.0,0.0,0.0,0.0,0.0,0.0,0.6043521801027244,0.13743521180598953,0.4028776978417266
69.0,0.0,0.0,0.0,0.0,0.0,0.8228540772532185,0.009262176251124533,0.08799114554510237
70.0,0.0,0.0,0.0,0.0,0.0,0.2221555188281805,0.010881924049361372,0.09739900387382401
71.0,1.0,1.0,1.0,1.0,1.0,0.3875040392261545,0.016014753863740523,0.11898173768677364
72.0,0.0,0.0,1.0,0.0,0.0,0.6438352705663805,0.17485779846860314,0.36745987825124515
73.0,0.0,0.0,1.0,0.0,0.0,0.8863579403053087,0.0004969783677757363,0.018262313226342003
74.0,0.0,0.0,1.0,1.0,0.0,0.3161741009301984,0.00121553705991833,0.034864416159380185
75.0,0.0,1.0,1.0,1.0,1.0,1.3444918203967982,0.0009280823481692195,0.02600996126175982
76.0,0.0,0.0,0.0,0.0,0.0,1.4002917372482584,0.0007346134266681884,0.019922523519645817
77.0,0.0,0.0,0.0,0.0,0.0,0.9700336071695294,0.00041383108507703665,0.025456557830658547
78.0,0.0,0.0,0.0,0.0,0.0,1.2619823650237871,0.006924681867938999,0.07028223574986164
79.0,0.0,0.0,0.0,0.0,0.0,0.6254509849831309,0.008992275548720528,0.07360265633646929
80.0,0.0,0.0,0.0,0.0,0.0,0.8352432156662676,0.006015933917963054,0.08024349750968456
81.0,0.0,0.0,0.0,0.0,0.0,0.7867086193745224,0.010426644262503278,0.0874377421140011
82.0,0.0,0.0,0.0,0.0,1.0,0.5054423611320108,0.00739345512817269,0.08301051466519091
83.0,0.0,0.0,1.0,0.0,0.0,0.4458317350722413,0.004679049302340572,0.042612064194798
84.0,0.0,0.0,1.0,1.0,0.0,0.7787842495447843,0.005401106302395359,0.06585500830105145
85.0,0.0,0.0,1.0,0.0,0.0,1.1580183018301842,0.006565386904421666,0.07360265633646929
86.0,0.0,0.0,0.0,0.0,0.0,0.682280502668852,0.002072872377541887,0.05146651909241837
87.0,0.0,0.0,0.0,0.0,0.0,0.8970503563536776,0.0018661598618018441,0.03984504703929164
88.0,0.0,0.0,0.0,0.0,0.0,0.9226166364637743,0.012125291398116871,0.09297177642501382
89.0,0.0,0.0,0.0,0.0,0.0,0.5560503396471776,0.012752925319434552,0.10514665190924183
90.0,0.0,0.0,0.0,0.0,0.0,0.9192176870748298,0.00018453574236811327,0.00996126175982291
91.0,0.0,0.0,1.0,0.0,0.0,0.7153238382631418,0.009066833236099112,0.0813503043718871
92.0,0.0,0.0,1.0,0.0,1.0,0.5808443214103587,0.005872222179534535,0.07470946319867182
93.0,0.0,0.0,0.0,0.0,0.0,0.7165528210843438,0.002444973646809208,0.05146651909241837
94.0,0.0,0.0,1.0,1.0,0.0,0.4831592910363512,0.010953420717316788,0.0896513558384062
95.0,0.0,0.0,1.0,0.0,0.0,0.9978249873545768,0.0175999246364524,0.11566131710016601
96.0,0.0,0.0,0.0,0.0,0.0,0.9066278549037177,0.0023462713878580847,0.034864416159380185
97.0,0.0,0.0,1.0,0.0,1.0,1.491232083978198,0.002347708192893449,0.04537908135030437
98.0,0.0,0.0,1.0,1.0,1.0,1.3455063995548142,0.010140376476652948,0.10071942446043164
99.0,0.0,0.0,0.0,0.0,0.0,0.758774420717856,0.005962678426978349,0.08024349750968456
100.0,0.0,0.0,0.0,0.0,0.0,0.47126099706744873,0.0012922811897420363,0.034864416159380185
101.0,0.0,0.0,1.0,0.0,0.0,0.8046718365125733,0.005480505398045282,0.06862202545655782
102.0,0.0,0.0,1.0,0.0,0.0,0.5373111821086268,0.014239206423842866,0.11344770337576092
103.0,0.0,0.0,0.0,0.0,0.0,0.9329858794752077,0.10453940434685995,0.27559490868843384
104.0,0.0,0.0,1.0,0.0,0.0,1.2456165984804206,0.00010573010966758013,0.006087437742114001
105.0,0.0,0.0,1.0,1.0,0.0,0.5029781573310235,0.019851585536220944,0.14111787493082456
106.0,0.0,0.0,1.0,0.0,1.0,0.0,0.0013090855616773856,0.03375760929717764
107.0,0.0,0.0,0.0,0.0,0.0,0.7446399087024088,0.004716343763475902,0.049806308799114546
108.0,0.0,0.0,1.0,1.0,1.0,0.4874211828412128,0.007684408147833993,0.08245711123408965
109.0,0.0,0.0,0.0,0.0,0.0,0.512384352006993,0.006951981163610925,0.0691754288876591
110.0,0.0,0.0,1.0,0.0,0.0,0.7872479977906658,0.004466308452430414,0.06474820143884892
111.0,0.0,0.0,1.0,0.0,0.0,0.6909256499420435,0.006215837227231151,0.06585500830105145
112.0,0.0,0.0,1.0,0.0,0.0,0.6773845369033992,0.003938188897257756,0.06198118428334255
113.0,0.0,0.0,1.0,0.0,0.0,0.5597425281407686,0.04577548397059696,0.20807969009407856
114.0,0.0,0.0,0.0,0.0,0.0,1.034680992247817,0.5441178170133831,0.6629773104593248
115.0,0.0,0.0,1.0,0.0,0.0,0.8251280081925242,0.003195797982463356,0.058107360265633644
116.0,0.0,0.0,1.0,1.0,1.0,1.3870818967162424,0.03746847071906906,0.16934144991698946
117.0,1.0,1.0,1.0,1.0,1.0,0.8836724364814251,0.005901645447867432,0.07636967349197564
118.0,0.0,0.0,1.0,0.0,0.0,0.6246397175385502,0.007840239024386889,0.07415605976757056
119.0,0.0,0.0,0.0,1.0,0.0,0.33325829998517864,0.01647359442829496,0.1306032097399004
120.0,0.0,0.0,1.0,0.0,0.0,0.7908512848838728,0.0048380036681007835,0.054786939679026
121.0,0.0,0.0,1.0,0.0,0.0,0.7796444437290749,0.00494617009935007,0.07470946319867182
122.0,0.0,0.0,1.0,1.0,1.0,0.6214480874316938,0.00016523257906691252,0.00996126175982291
123.0,0.0,0.0,0.0,0.0,0.0,0.7916210455201974,0.007240560331474667,0.08301051466519091
124.0,0.0,0.0,1.0,0.0,0.0,0.2557731895412787,0.018535128540014295,0.11455451023796347
126.0,0.0,0.0,0.0,0.0,0.0,0.47626293625219485,0.0062256762182341914,0.07526286662977309
128.0,0.0,0.0,1.0,0.0,0.0,1.1787996963763174,0.002715249167918092,0.03984504703929164
129.0,0.0,0.0,1.0,1.0,0.0,1.6299870173854134,0.0025280584597237614,0.03818483674598782
130.0,,,,,,0.5866773618538322,0.005202983381975428,0.07415605976757056
131.0,0.0,0.0,0.0,0.0,0.0,0.7139556775393551,0.004709721966356396,0.06474820143884892
132.0,,,,,,0.32891572646856315,0.007851983343806391,0.07304925290536801
133.0,0.0,0.0,0.0,0.0,0.0,0.9097737123495634,0.0014126916986839922,0.02988378527946873
134.0,0.0,0.0,0.0,0.0,0.0,1.0790181449755916,0.002724088642374791,0.04537908135030437
135.0,0.0,0.0,1.0,0.0,0.0,0.6481686483531498,0.002105762718894904,0.03818483674598782
136.0,0.0,0.0,0.0,0.0,0.0,0.6572657478494125,0.012244233867131388,0.10514665190924183
137.0,0.0,0.0,1.0,0.0,0.0,0.9700274195938935,0.004300919698903137,0.06972883231876037
138.0,0.0,0.0,0.0,0.0,0.0,0.8508851169228528,0.00023170042939855523,0.012174875484228001
139.0,0.0,0.0,0.0,0.0,0.0,0.5358423913043477,0.01117303324348304,0.09518539014941892
140.0,0.0,0.0,1.0,0.0,0.0,0.7956150130063167,0.0028912577847502383,0.058107360265633644
142.0,0.0,0.0,1.0,0.0,0.0,1.1956735596165873,0.006001066109336238,0.05866076369673491
143.0,0.0,0.0,0.0,0.0,0.0,0.9021683296017329,0.010023557980299401,0.09075816270060874
144.0,0.0,0.0,0.0,0.0,0.0,0.9904622261855763,0.014141534916330157,0.11123408965135582
145.0,0.0,0.0,1.0,1.0,0.0,0.9772423788431476,0.00222617322783686,0.03707802988378527
146.0,0.0,0.0,0.0,0.0,0.0,0.4552528501257761,0.11618105467611632,0.30105146651909237
147.0,,,,,,1.0307236933590251,0.016785599765213557,0.11676812396236856
149.0,0.0,0.0,0.0,0.0,0.0,0.6786441238582303,0.006678394743942289,0.09131156613171001
150.0,0.0,0.0,1.0,0.0,0.0,0.4935517641399994,0.010780847938612689,0.10293303818483673
151.0,0.0,0.0,1.0,1.0,0.0,0.3073712853124617,0.0023276866270745666,0.03597122302158273
152.0,0.0,0.0,0.0,0.0,0.0,1.3424968349422377,0.002840782199160043,0.03818483674598782
155.0,0.0,0.0,1.0,1.0,1.0,0.6286894768564214,0.007934162344850825,0.07194244604316546
156.0,0.0,0.0,1.0,1.0,1.0,0.8508286466435335,0.009648395691608915,0.08633093525179855
157.0,,,,,,0.777732482571191,0.015494724145614813,0.10902047592695074
159.0,0.0,0.0,1.0,0.0,0.0,0.7703771561354908,0.0040737170939631135,0.05644714997232982
160.0,0.0,0.0,1.0,1.0,0.0,0.716610924470575,0.01651476201604736,0.11510791366906474
162.0,0.0,0.0,0.0,0.0,0.0,0.7727898756947816,0.014195165226019735,0.11621472053126729
163.0,0.0,0.0,0.0,0.0,0.0,0.8114119303635433,0.0024399760640775063,0.040398450470392915
164.0,,,,,,0.8324344597539313,0.0035327599981483946,0.052573325954620914
165.0,,,,,,1.2072976827094466,0.003188801366638973,0.05035971223021582
166.0,0.0,0.0,0.0,0.0,0.0,1.8823344027480715,0.0064516294274912876,0.06198118428334255
167.0,0.0,0.0,1.0,0.0,0.0,1.0217681546409714,0.005897116388516828,0.06806862202545655
168.0,0.0,0.0,1.0,0.0,1.0,1.4414447779813644,0.0016628831841898463,0.0448256779192031
169.0,,,,,,1.9666037862505785,0.7615526152694017,0.825677919203099
170.0,0.0,0.0,0.0,0.0,0.0,1.159204100983763,0.011920983969066457,0.10625345877144438
171.0,0.0,0.0,1.0,1.0,1.0,1.45299870167944,0.0025975873294785718,0.042612064194798
172.0,,,,,,1.0642578168840202,0.00289894156820023,0.05589374654122855
173.0,0.0,0.0,1.0,1.0,1.0,0.5501126126126129,0.008148402469580493,0.08467072495849473
174.0,0.0,0.0,0.0,0.0,0.0,0.7154417084028927,0.008155024266699997,0.07692307692307691
175.0,0.0,0.0,0.0,0.0,0.0,1.0940434545741284,0.003365996909369898,0.054786939679026
176.0,0.0,0.0,0.0,0.0,0.0,1.1790984717215096,0.0058138129313577615,0.07858328721638073
177.0,0.0,0.0,0.0,0.0,0.0,1.0213901689708138,0.004067595055116777,0.04759269507470946
179.0,0.0,0.0,0.0,0.0,0.0,0.9874610353109513,0.012975473925455677,0.0896513558384062
180.0,0.0,0.0,0.0,0.0,0.0,0.8958906024320926,0.008676678199213517,0.0813503043718871
181.0,1.0,1.0,1.0,1.0,1.0,0.5868025421871577,0.008709162486969582,0.08079690094078583
182.0,0.0,0.0,1.0,1.0,0.0,0.6205254547046334,0.00538948692254415,0.07304925290536801
183.0,0.0,0.0,0.0,0.0,0.0,1.1327260317126957,0.0022914853871617963,0.05201992252351964
184.0,0.0,0.0,0.0,0.0,0.0,0.847678713357333,0.005284693859638764,0.05589374654122855
185.0,0.0,0.0,1.0,0.0,0.0,1.0199347406820463,0.01052531528656233,0.09463198671831764
186.0,0.0,0.0,1.0,0.0,0.0,0.5614766336535112,0.004009623095429028,0.06253458771444383
187.0,0.0,0.0,0.0,0.0,0.0,0.6464790157887634,0.012069224766845583,0.10625345877144438
188.0,0.0,0.0,0.0,0.0,0.0,0.9016276864728191,0.00018528537977786862,0.015495296070835636
189.0,0.0,0.0,0.0,0.0,0.0,0.399164401115784,0.009197020266259962,0.08688433868289983
190.0,,,,,,0.40171364593329895,0.0038657864174322172,0.07083563918096292
191.0,0.0,0.0,1.0,1.0,0.0,0.9001225964141519,0.009271640423422694,0.09684560044272274
192.0,0.0,0.0,1.0,1.0,0.0,0.5164070638841279,0.0012678242692487672,0.02877697841726618
193.0,0.0,0.0,1.0,0.0,0.0,0.9710177497613081,0.00913305120729417,0.09850581073602656
194.0,0.0,0.0,1.0,0.0,0.0,0.46392353338307923,0.0038587898016078336,0.055340343110127276
195.0,0.0,0.0,0.0,0.0,0.0,2.157300275482093,0.000670706837486543,0.021582733812949638
196.0,0.0,0.0,0.0,0.0,0.0,1.09114285195079,0.014581946894561432,0.10293303818483673
197.0,0.0,0.0,0.0,0.0,0.0,0.7688425704730052,0.0003152225308021326,0.01770890979524073
198.0,0.0,0.0,1.0,0.0,0.0,0.5867673853628912,0.00831429098138094,0.0874377421140011
199.0,0.0,0.0,1.0,1.0,0.0,0.9552457466918711,0.009033849190069877,0.07692307692307691
200.0,0.0,0.0,0.0,0.0,0.0,1.095733436266693,0.008742209002782966,0.08909795240730492
201.0,0.0,0.0,1.0,1.0,0.0,0.7925541002277899,0.00207946293976932,0.04427227448810182
202.0,0.0,0.0,0.0,0.0,0.0,0.5690560164257451,0.002932550312070929,0.03818483674598782
203.0,0.0,0.0,1.0,0.0,0.0,0.7603203136291368,0.004895944392896459,0.06474820143884892
204.0,0.0,0.0,0.0,0.0,0.0,1.325010354110582,0.0029894602854281917,0.04925290536801328
206.0,0.0,0.0,1.0,0.0,0.0,1.6950608592440883,0.005072577707570068,0.07747648035417819
207.0,0.0,0.0,0.0,0.0,0.0,0.664521664850036,0.01183914855183483,0.10403984504703928
208.0,0.0,0.0,0.0,0.0,0.0,0.5792357733106718,0.007355098680706874,0.07083563918096292
209.0,0.0,0.0,0.0,0.0,0.0,0.34631742457130454,0.0035467844646892344,0.05755395683453237
210.0,0.0,0.0,0.0,0.0,0.0,0.602500227500228,0.0023561416137531975,0.027116768123962368
211.0,0.0,0.0,1.0,1.0,0.0,0.39019093294724455,0.0035086466614679297,0.058107360265633644
212.0,0.0,0.0,1.0,0.0,0.0,1.4854463544753986,0.3413000736706164,0.40232429441062534
213.0,0.0,0.0,1.0,0.0,0.0,0.6718115289789847,0.003684405399163491,0.05091311566131709
214.0,0.0,0.0,0.0,0.0,0.0,0.9095159854864102,0.004311633266884223,0.05091311566131709
215.0,0.0,0.0,0.0,0.0,0.0,1.1559617642126447,0.003974608781415039,0.0630879911455451
216.0,0.0,0.0,0.0,0.0,0.0,0.8549899217175269,0.012103801792370548,0.10680686220254565
217.0,0.0,0.0,0.0,0.0,0.0,0.3681807257870706,0.009052777534666198,0.09629219701162146
218.0,,,,,,1.0680549610852457,0.001685091192453849,0.03209739900387382
219.0,0.0,0.0,0.0,0.0,0.0,0.8302578305472083,0.012546899971320122,0.09131156613171001
220.0,0.0,0.0,1.0,0.0,0.0,0.6326733621586111,0.008238546368103577,0.08467072495849473
221.0,0.0,0.0,1.0,0.0,0.0,0.9385307271493026,0.0010038581963386583,0.02877697841726618
222.0,0.0,0.0,1.0,0.0,0.0,0.6882585257574445,0.0024297310194775156,0.0448256779192031
223.0,0.0,0.0,0.0,0.0,0.0,0.5954738015607579,0.002853369860665518,0.038738240177089094
224.0,0.0,0.0,0.0,0.0,0.0,1.1284778936493978,0.005838988254368713,0.059214167127836184
225.0,0.0,1.0,0.0,0.0,1.0,0.924801524293427,0.0036155636970342897,0.047039291643608185
226.0,0.0,0.0,0.0,0.0,0.0,0.9489962210675481,0.0005744721350091975,0.012174875484228001
227.0,0.0,0.0,0.0,0.0,0.0,0.6534496927953664,0.014111455715263722,0.09131156613171001
228.0,0.0,0.0,1.0,0.0,0.0,0.7470830660485835,0.0037645853671152427,0.05146651909241837
229.0,0.0,0.0,1.0,0.0,1.0,0.30647151616924917,0.007487440918420769,0.08079690094078583
230.0,0.0,0.0,1.0,0.0,0.0,0.7735896915584416,0.004877265927436722,0.05755395683453237
231.0,0.0,0.0,0.0,0.0,0.0,0.7151470383490869,0.0060434206229874185,0.06806862202545655
232.0,0.0,0.0,1.0,0.0,0.0,0.4906595897397152,0.007832648945613117,0.0874377421140011
233.0,0.0,0.0,1.0,0.0,0.0,1.8404787424080027,0.012194133100246073,0.10071942446043164
234.0,0.0,0.0,0.0,0.0,0.0,0.33655550645577453,0.005531324567448281,0.07194244604316546
235.0,0.0,0.0,0.0,0.0,0.0,0.9749915897731634,0.0026843266247656827,0.04427227448810182
236.0,0.0,0.0,0.0,0.0,0.0,1.1686229957506553,0.008758794730473803,0.07194244604316546
237.0,0.0,0.0,1.0,0.0,0.0,0.6609611521376226,0.007201235602354584,0.08301051466519091
238.0,0.0,0.0,0.0,0.0,0.0,0.4451985226223453,0.002551796977699349,0.041505257332595455
240.0,0.0,0.0,0.0,0.0,0.0,1.1612223617288422,0.006894758841332931,0.07360265633646929
241.0,0.0,0.0,1.0,1.0,1.0,0.7268516218767072,0.00467086576061741,0.06530160486995018
242.0,0.0,0.0,0.0,0.0,0.0,1.1994947465697017,0.013029947577231232,0.10459324847814055
243.0,0.0,0.0,1.0,0.0,0.0,0.8220261244302596,0.006024117459686217,0.06751521859435528
244.0,0.0,0.0,1.0,0.0,0.0,0.9156810251650648,0.010294083380544872,0.07581627006087437
245.0,0.0,0.0,0.0,0.0,0.0,0.7363986841065122,0.01238210468074223,0.11123408965135582
246.0,0.0,0.0,1.0,0.0,0.0,0.8749891156067685,0.0031358582245749993,0.054233536247924735
247.0,0.0,0.0,1.0,0.0,0.0,0.5747541036998433,0.0013400393397218675,0.03375760929717764
248.0,0.0,0.0,1.0,0.0,0.0,1.069801961234965,0.0015421290914350858,0.026563364692861094
249.0,0.0,0.0,0.0,0.0,0.0,0.8514735397722623,0.004274120161504381,0.048699501936912006
250.0,0.0,0.0,0.0,0.0,0.0,1.1566339066339066,0.00038525115883011326,0.014388489208633093
251.0,0.0,0.0,1.0,0.0,0.0,1.1071897163120574,0.002323282507292253,0.043165467625899276
252.0,0.0,0.0,0.0,0.0,0.0,0.14997589199614278,0.008052854934728756,0.08799114554510237
253.0,,,,,,0.3989830863242844,0.0072698274253472014,0.08909795240730492
254.0,0.0,0.0,0.0,0.0,0.0,0.7399331744588851,0.006900349887014023,0.07526286662977309
255.0,0.0,0.0,0.0,0.0,0.0,1.5641437082387024,0.001057675915380679,0.02877697841726618
256.0,0.0,0.0,1.0,1.0,1.0,0.6320842793513722,0.0074136641033440125,0.06530160486995018
257.0,0.0,0.0,0.0,0.0,0.0,0.4049411467359908,0.015597986698808615,0.12119535141117874
259.0,0.0,0.0,0.0,0.0,0.0,0.5219429445416215,0.011516741995855877,0.10846707249584947
260.0,0.0,0.0,1.0,0.0,0.0,0.3573396988045333,0.0,0.0
261.0,0.0,0.0,0.0,0.0,0.0,0.5687875660251348,0.001488530016637577,0.034864416159380185
262.0,0.0,0.0,0.0,0.0,0.0,0.9504003785026754,0.002503226720525615,0.049806308799114546
263.0,0.0,0.0,0.0,0.0,0.0,1.2914682785060592,0.002358515465550756,0.043165467625899276
264.0,0.0,0.0,1.0,0.0,0.0,0.6562456118336336,0.08272573659528054,0.3198671831765357
265.0,0.0,0.0,0.0,0.0,0.0,0.2988956430971114,0.0031102456130750254,0.05755395683453237
266.0,0.0,0.0,0.0,0.0,0.0,2.269921851243689,0.003412911717263755,0.058107360265633644
267.0,0.0,0.0,1.0,0.0,0.0,0.6418165365908838,0.003945903915599822,0.060874377421140005
268.0,0.0,0.0,1.0,0.0,0.0,0.8888757160033756,0.009117464996149672,0.09020475926950747
269.0,0.0,0.0,1.0,1.0,0.0,1.1950286723818342,0.007046966470405343,0.07138904261206419
270.0,0.0,0.0,0.0,0.0,0.0,0.5240952998846601,0.0032821624590455897,0.043165467625899276
271.0,0.0,0.0,1.0,1.0,0.0,0.7228929792723735,0.007828369765399096,0.07692307692307691
272.0,0.0,0.0,1.0,0.0,0.0,0.7605790889408889,0.09669460502823038,0.3043718871057
273.0,,,,,,0.9913756504052992,0.015758315399820047,0.10680686220254565
274.0,0.0,0.0,1.0,0.0,0.0,0.8652094717668478,0.0030194457818184064,0.04925290536801328
276.0,0.0,0.0,0.0,0.0,0.0,0.5566862173534871,0.007723514232709565,0.0874377421140011
277.0,0.0,0.0,0.0,0.0,0.0,0.7193169602249232,0.02126808789173786,0.1317100166021029
278.0,0.0,0.0,1.0,0.0,0.0,1.0337436332767402,0.002337244504048947,0.02324294410625346
279.0,0.0,0.0,0.0,0.0,0.0,0.5925696239473027,0.008794402507437184,0.07415605976757056
280.0,0.0,0.0,1.0,1.0,1.0,0.5865680837954403,0.009659327903834513,0.10182623132263419
281.0,0.0,0.0,0.0,0.0,0.0,0.8378068091844814,0.006288208472164618,0.07304925290536801
282.0,0.0,0.0,0.0,0.0,0.0,1.123516727175264,0.0026635554215370446,0.049806308799114546
283.0,0.0,0.0,1.0,0.0,0.0,0.6998532102926736,0.03892342322672801,0.18594355285002764
284.0,0.0,0.0,0.0,0.0,0.0,1.446748914666481,0.010339780027647875,0.10625345877144438
285.0,0.0,0.0,1.0,0.0,0.0,0.5497812922382692,0.009135862347580752,0.0896513558384062
286.0,0.0,0.0,0.0,0.0,0.0,0.6973503453703511,0.009650800778298545,0.0874377421140011
287.0,0.0,0.0,1.0,1.0,0.0,0.5465705948778615,0.9999999999999998,0.9999999999999999
288.0,0.0,0.0,1.0,1.0,1.0,0.5916123945277297,0.0028189490096009176,0.05755395683453237
289.0,0.0,0.0,1.0,1.0,1.0,0.28471787534650816,0.003427998170135081,0.06142778085224128
290.0,0.0,0.0,0.0,0.0,0.0,0.9169537264477757,0.007808785488069236,0.06751521859435528
291.0,,,,,,0.2611105999263894,0.0020554745426571482,0.03265080243497509
292.0,0.0,0.0,1.0,0.0,0.0,1.1952119057318864,0.00014736622080107622,0.013281682346430547
293.0,0.0,0.0,1.0,1.0,1.0,0.30235638331340803,0.004262250902516586,0.055340343110127276
294.0,0.0,0.0,0.0,0.0,0.0,0.5919420010012159,0.00231897209218616,0.03818483674598782
295.0,0.0,0.0,0.0,1.0,0.0,0.8836592747802812,0.0042247377971367465,0.04925290536801328
296.0,0.0,0.0,1.0,0.0,0.0,0.926607040272578,0.006788778852528764,0.07581627006087437
297.0,0.0,0.0,1.0,0.0,0.0,0.6771939997007332,0.0009155883913399635,0.014941892639734366
298.0,0.0,0.0,1.0,0.0,0.0,1.2051817266318783,0.002323907205133716,0.03209739900387382
299.0,0.0,0.0,1.0,0.0,1.0,0.6207022267092946,0.008128786957358561,0.07636967349197564
300.0,0.0,0.0,0.0,0.0,0.0,0.5577596423184658,0.003816279113496289,0.05035971223021582
301.0,0.0,0.0,1.0,1.0,0.0,0.6766450733037844,0.009825528764555691,0.09684560044272274
302.0,0.0,0.0,1.0,0.0,0.0,0.5111913067593016,0.002374351555831838,0.03984504703929164
303.0,1.0,1.0,1.0,1.0,1.0,0.7069848128478836,0.006034924732343524,0.06419479800774765
304.0,0.0,0.0,1.0,0.0,0.0,1.0117125357938284,0.006530185181055238,0.07028223574986164
305.0,0.0,0.0,1.0,0.0,0.0,1.6214546330717337,0.0038987079936773066,0.04427227448810182
306.0,0.0,0.0,0.0,0.0,0.0,0.9203578274760377,0.009384554558267096,0.09573879358052019
307.0,0.0,0.0,0.0,0.0,0.0,0.25128328937439837,0.008064661723932404,0.07526286662977309
308.0,0.0,0.0,0.0,0.0,0.0,2.3523427411411935,0.003470696267599065,0.04371887105700055
309.0,0.0,0.0,0.0,0.0,0.0,1.307894753166834,0.004753232171014281,0.06585500830105145
310.0,0.0,0.0,0.0,0.0,0.0,2.3893684526281787,0.002598336966888328,0.054786939679026
311.0,0.0,0.0,0.0,0.0,0.0,0.7752592900721015,0.0040037509357192785,0.05644714997232982
312.0,0.0,0.0,0.0,0.0,0.0,0.4100106496272631,0.004917152884614122,0.06972883231876037
313.0,0.0,0.0,0.0,0.0,0.0,0.5589716403059736,0.006865960270841494,0.07802988378527946
314.0,0.0,0.0,0.0,0.0,0.0,0.6167461538461537,0.01308142267936777,0.11234089651355837
316.0,0.0,0.0,0.0,0.0,0.0,0.44104796148728437,0.015108879523835312,0.12008854454897619
317.0,0.0,0.0,0.0,0.0,0.0,0.897285731335142,0.006804365063673262,0.05755395683453237
318.0,0.0,0.0,1.0,0.0,0.0,0.5196153649429698,0.010579757703445812,0.07470946319867182
319.0,0.0,0.0,0.0,0.0,0.0,1.2799539103293378,0.008547178336678276,0.08356391809629218
320.0,0.0,0.0,0.0,0.0,0.0,1.1581415620641557,0.0018042523057128796,0.03929164360819037
321.0,0.0,0.0,1.0,0.0,0.0,1.2689916861608095,0.007896118246305737,0.08411732152739346
322.0,0.0,0.0,0.0,0.0,0.0,0.9055013230351144,0.0006886044306444526,0.01604869950193691
323.0,0.0,0.0,1.0,0.0,0.0,0.5841047788677897,0.010104456350768835,0.08301051466519091
324.0,0.0,0.0,1.0,0.0,0.0,0.6739121756487031,0.01088845214180466,0.10293303818483673
325.0,0.0,0.0,0.0,0.0,0.0,0.9381157969166927,0.004700976196575917,0.06806862202545655
326.0,0.0,0.0,0.0,0.0,0.0,1.1983527707621437,0.0073244260166910515,0.09020475926950747
327.0,0.0,0.0,0.0,0.0,0.0,0.1416649224313639,0.029783187994257016,0.15993359158826784
328.0,0.0,0.0,0.0,0.0,0.0,0.8162270443520442,0.004710565308442371,0.05589374654122855
329.0,0.0,0.0,1.0,0.0,0.0,0.3839779005524861,0.002826539088374691,0.05146651909241837
330.0,0.0,0.0,0.0,0.0,0.0,0.57503686690623,0.005732758386427963,0.05589374654122855
331.0,0.0,0.0,1.0,0.0,0.0,1.4602738274939764,0.006090429135557492,0.06640841173215273
332.0,,,,,,1.0768398268398278,0.0008654251546704999,0.02877697841726618
333.0,0.0,0.0,1.0,0.0,1.0,0.7978388278388278,0.0032493970572608647,0.054233536247924735
334.0,0.0,0.0,1.0,0.0,0.0,0.8958125240107567,0.014331255650782408,0.11012728278915328
335.0,0.0,0.0,1.0,1.0,0.0,0.6444606770074875,0.013491161993583224,0.10736026563364692
336.0,0.0,0.0,0.0,0.0,0.0,0.8281554462501429,0.017610544499757266,0.12174875484228001
337.0,0.0,0.0,0.0,0.0,0.0,0.8815116425029814,0.007560717975224356,0.08577753182069728
338.0,0.0,0.0,1.0,0.0,0.0,0.7980743379486488,0.00026662103873632614,0.018815716657443277
339.0,0.0,0.0,0.0,0.0,0.0,1.2018672494048233,0.0022112117145338256,0.04814609850581073
340.0,0.0,0.0,1.0,0.0,0.0,0.6700536164572233,0.010885547296841856,0.10348644161593801
341.0,0.0,0.0,1.0,0.0,0.0,1.6157597806601278,0.004790620336825829,0.06253458771444383
342.0,0.0,0.0,0.0,0.0,0.0,0.7723192506586011,0.007376744460913558,0.085224128389596
343.0,0.0,0.0,0.0,0.0,0.0,0.7455437946767426,0.01622365282192569,0.11787493082457111
344.0,0.0,0.0,1.0,1.0,1.0,1.3021551186666105,0.0048818262216794,0.05201992252351964
345.0,0.0,0.0,0.0,0.0,0.0,0.8431275933609965,0.0025589810028761708,0.03707802988378527
346.0,0.0,0.0,0.0,0.0,0.0,1.2359141395017956,0.004581690143748593,0.060874377421140005
347.0,0.0,0.0,1.0,0.0,0.0,1.4683696205755035,0.007167845502728397,0.08190370780298838
348.0,0.0,0.0,0.0,0.0,0.0,1.1089743589743581,0.0010701386373178619,0.030990592141671276
349.0,0.0,0.0,0.0,0.0,0.0,0.759523964857341,0.010754142105890154,0.09905921416712783
350.0,0.0,0.0,1.0,0.0,0.0,1.1580446823735187,0.010621924807744551,0.07858328721638073
351.0,0.0,0.0,1.0,0.0,1.0,0.3006680892903907,0.027956727680280145,0.15550636413945765
352.0,0.0,0.0,1.0,1.0,0.0,0.5772324420942874,0.0028031753891039823,0.04537908135030437
353.0,0.0,0.0,1.0,1.0,0.0,1.2204716032188174,0.0004136436757245977,0.014941892639734366
354.0,0.0,0.0,1.0,0.0,0.0,0.9574176449176452,0.0032004207464901807,0.040398450470392915
355.0,0.0,0.0,0.0,0.0,0.0,0.742356918822299,0.013810601234815237,0.09629219701162146
356.0,0.0,0.0,0.0,0.0,0.0,0.8025210664456416,0.005462326690858714,0.06142778085224128
357.0,0.0,0.0,1.0,0.0,0.0,0.46250502866338106,0.006375072707020023,0.07304925290536801
359.0,0.0,0.0,0.0,0.0,0.0,1.2024136065084343,0.0009205547391795926,0.03375760929717764
360.0,0.0,0.0,0.0,0.0,0.0,1.8359327603640045,0.002192970537563112,0.02877697841726618
361.0,0.0,0.0,1.0,1.0,0.0,0.6562481438706481,0.011969429286671905,0.10293303818483673
362.0,0.0,0.0,0.0,0.0,0.0,0.5136461024395521,0.009225506487830666,0.08799114554510237
363.0,0.0,0.0,0.0,0.0,0.0,0.9955257948531492,0.0006450629910944947,0.018262313226342003
364.0,0.0,0.0,0.0,0.0,0.0,0.819538739588246,0.0028612410534679497,0.04095185390149418
365.0,0.0,0.0,0.0,0.0,0.0,0.8922938990667126,0.004568009261020558,0.05201992252351964
366.0,0.0,0.0,0.0,0.0,0.0,0.5763699819613909,0.0035529377384276428,0.05755395683453237
367.0,0.0,0.0,1.0,0.0,0.0,0.7836949072432933,0.0040512904414545985,0.05035971223021582
368.0,0.0,0.0,0.0,0.0,0.0,0.5932943529980407,0.010001880965200643,0.08467072495849473
370.0,0.0,0.0,1.0,1.0,1.0,0.4228847435043301,0.005664728791492663,0.07526286662977309
371.0,0.0,0.0,0.0,0.0,0.0,1.3156867395151153,0.004071655591086285,0.05976757055893746
372.0,0.0,0.0,0.0,0.0,0.0,1.2898850086549178,0.00791254779953621,0.08577753182069728
373.0,0.0,0.0,0.0,0.0,0.0,1.2561041674728168,0.007143482286911348,0.07858328721638073
374.0,0.0,0.0,1.0,1.0,0.0,0.47086089937197373,0.005162128143143762,0.06972883231876037
375.0,0.0,0.0,0.0,0.0,0.0,0.0017857142857142852,0.025777844079042003,0.14554510237963475
377.0,0.0,0.0,1.0,0.0,0.0,0.4443663955896691,0.012186043263199128,0.10514665190924183
378.0,,,,,,0.5339044482760404,0.011899494363320138,0.1057000553403431
379.0,0.0,0.0,0.0,0.0,0.0,0.6989534216898177,0.008887013962434043,0.08909795240730492
380.0,0.0,0.0,0.0,0.0,0.0,0.9474633887562642,0.0008841660899143843,0.018262313226342003
381.0,0.0,0.0,1.0,1.0,0.0,1.2367409278175978,0.0032993104147937434,0.05589374654122855
382.0,0.0,0.0,1.0,1.0,1.0,0.6322821475195822,0.00418738086621727,0.06142778085224128
383.0,0.0,0.0,0.0,0.0,0.0,0.6209469971994604,0.0023901876461129203,0.04095185390149418
384.0,0.0,0.0,0.0,0.0,0.0,0.6173673244493745,0.006591468039302737,0.07470946319867182
385.0,0.0,0.0,0.0,0.0,0.0,1.000137341380377,0.0031153993702670926,0.033204205866076364
386.0,0.0,0.0,0.0,0.0,0.0,0.6471459686439185,0.010210498809357146,0.09795240730492528
388.0,0.0,0.0,0.0,0.0,0.0,1.5542938020473327,0.0023746951396446422,0.023796347537354733
389.0,0.0,0.0,1.0,0.0,0.0,1.062743621545002,0.012849753484861287,0.0874377421140011
390.0,,,,,,0.6208819586382717,0.006590374818080177,0.07304925290536801
391.0,0.0,0.0,1.0,0.0,0.0,0.5401858479200625,0.005675973352638994,0.07194244604316546
392.0,0.0,0.0,0.0,0.0,0.0,1.4427361351276853,0.0011826467185653135,0.030990592141671276
393.0,0.0,0.0,0.0,0.0,0.0,0.7786341908636665,0.0065386810716991295,0.06530160486995018
394.0,0.0,0.0,0.0,0.0,0.0,0.6263292006222283,0.0042762128992732806,0.06862202545655782
395.0,0.0,0.0,1.0,0.0,0.0,0.8655354729282059,0.004067313941088118,0.06585500830105145
396.0,0.0,0.0,1.0,1.0,1.0,1.243036678458386,0.009121837881039914,0.07802988378527946
397.0,,,,,,0.9853980088687938,0.003289877477387655,0.03818483674598782
398.0,0.0,0.0,1.0,0.0,0.0,1.0489413715104594,0.009227255641786761,0.09463198671831764
399.0,0.0,0.0,1.0,1.0,0.0,0.5041800761448008,0.022419843302042837,0.1383508577753182
400.0,0.0,0.0,1.0,0.0,0.0,1.228489132013361,0.0005141263235238904,0.018262313226342003
401.0,0.0,0.0,0.0,0.0,0.0,1.1279702420608482,0.0035998213114294265,0.04759269507470946
403.0,0.0,0.0,1.0,0.0,0.0,0.25243168133395094,0.00397692016342845,0.06253458771444383
406.0,0.0,0.0,1.0,0.0,0.0,0.7475684261974574,0.012433298668850106,0.10680686220254565
407.0,0.0,0.0,0.0,0.0,0.0,0.5234533634083858,0.008643350569371478,0.07360265633646929
408.0,0.0,0.0,0.0,0.0,0.0,0.8657827356758547,0.044353546743859315,0.22025456557830658
409.0,0.0,0.0,0.0,0.0,0.0,0.7806930818566686,0.009416976376239018,0.08190370780298838
410.0,0.0,0.0,1.0,1.0,0.0,0.7818778979907263,0.005580581992247622,0.059214167127836184
411.0,,,,,,0.5092511655011658,0.003180024361966421,0.043165467625899276
412.0,0.0,0.0,0.0,0.0,0.0,0.5920381436916198,0.013347668899399222,0.11123408965135582
413.0,0.0,0.0,0.0,1.0,1.0,0.44514044047239076,0.006878922751051848,0.07913669064748201
415.0,0.0,0.0,1.0,0.0,0.0,0.7390091163648321,0.16919466265660624,0.3840619811842833
417.0,0.0,0.0,1.0,0.0,0.0,0.47334372326121477,0.009469607169382258,0.08799114554510237
418.0,0.0,0.0,0.0,0.0,0.0,0.6612505978000959,0.0027646002973936534,0.038738240177089094
419.0,0.0,0.0,0.0,0.0,0.0,0.75008698677801,0.004595652140505287,0.06640841173215273
420.0,0.0,0.0,1.0,0.0,0.0,1.1069755510586723,0.009540416669712068,0.09684560044272274
421.0,0.0,0.0,1.0,0.0,0.0,0.8875511933342752,0.0026158909762334323,0.041505257332595455
422.0,0.0,0.0,0.0,0.0,0.0,0.5203534843608671,0.01867659136621355,0.12285556170448256
424.0,0.0,0.0,0.0,0.0,0.0,0.7109753946556145,0.007095692902039443,0.07028223574986164
425.0,0.0,0.0,1.0,0.0,1.0,0.5648317018399277,0.004244040960437946,0.057000553403431096
426.0,0.0,0.0,1.0,1.0,1.0,1.3621628457302992,0.006938300280882888,0.07802988378527946
427.0,0.0,0.0,0.0,0.0,0.0,1.0799450246285656,0.0068623682582530845,0.07581627006087437
428.0,0.0,0.0,0.0,0.0,0.0,1.096853887264294,0.004698102586505188,0.07581627006087437
429.0,,,,,,1.2584805846422333,0.0017906651276610639,0.025456557830658547
430.0,0.0,0.0,0.0,0.0,0.0,0.4907676187142009,0.012093181929065678,0.11289429994465965
431.0,,,,,,0.6804796081111871,0.0009212419068052017,0.018815716657443277
432.0,,,,,,0.8805517456359104,0.003659386250612906,0.052573325954620914
433.0,0.0,0.0,1.0,0.0,1.0,0.9151890228041282,0.009804788796219127,0.08688433868289983
434.0,0.0,0.0,0.0,0.0,0.0,0.7750359016846172,0.004519376534062679,0.06032097399003873
435.0,0.0,0.0,0.0,0.0,0.0,2.19074902908023,0.004188661496792269,0.06253458771444383
436.0,0.0,0.0,1.0,1.0,0.0,0.6776474497058568,0.017234882452793608,0.12506917542888765
437.0,0.0,0.0,0.0,0.0,0.0,0.728760062547056,0.008056977940482412,0.08024349750968456
438.0,0.0,0.0,0.0,0.0,0.0,0.886756858167263,0.003451767923002742,0.03929164360819037
439.0,0.0,0.0,1.0,0.0,0.0,0.9100111306688748,0.005884372552550986,0.07581627006087437
440.0,0.0,0.0,1.0,0.0,0.0,1.2077861041323747,0.01685328577633605,0.11732152739346983
441.0,,,,,,0.6676298085216494,0.0008426236834571076,0.02988378527946873
442.0,1.0,1.0,1.0,1.0,1.0,0.41398722937998284,0.006022618184866705,0.07083563918096292
443.0,,,,,,1.2667762288247604,0.004966191665168952,0.066961815163254
444.0,0.0,0.0,1.0,0.0,0.0,0.6423338348643214,0.012413027223894642,0.10348644161593801
445.0,0.0,0.0,0.0,0.0,0.0,0.9282242283914514,0.007731166781267483,0.08799114554510237
446.0,0.0,0.0,0.0,0.0,0.0,0.7117048107107402,0.011391240199506,0.09463198671831764
447.0,0.0,0.0,1.0,0.0,0.0,0.5938667595852896,0.010324568635208259,0.10348644161593801
448.0,0.0,0.0,0.0,0.0,0.0,0.9275621666773756,0.002299825103345325,0.04095185390149418
449.0,0.0,0.0,1.0,1.0,1.0,0.9640535827520601,0.006101267643106873,0.07194244604316546
450.0,,,,,,1.1310606060606065,0.0008286304518083408,0.02877697841726618
451.0,0.0,0.0,1.0,0.0,0.0,0.5746024758231606,0.011879941320882353,0.10071942446043164
453.0,0.0,0.0,0.0,0.0,0.0,0.5001433702207905,0.006185914200625082,0.08190370780298838
454.0,0.0,0.0,0.0,0.0,0.0,0.566916341491371,0.018045302962523307,0.13503043718871055
456.0,0.0,0.0,1.0,0.0,0.0,0.5997890166340506,0.0067755664931818255,0.08190370780298838
457.0,0.0,0.0,0.0,0.0,0.0,0.5985702770353399,0.00694757704382861,0.08190370780298838
458.0,0.0,0.0,0.0,0.0,0.0,1.4270766678516413,0.0017371909924318476,0.03265080243497509
459.0,0.0,0.0,1.0,1.0,1.0,2.221579194001875,0.001904547544159734,0.034864416159380185
460.0,0.0,0.0,0.0,0.0,0.0,0.7323298908664766,0.008154337099074392,0.06806862202545655
461.0,0.0,0.0,0.0,0.0,0.0,0.6299113458455157,0.006332843132937136,0.07194244604316546
462.0,0.0,0.0,1.0,0.0,0.0,0.4431848097933393,0.0016995841823757864,0.037631433314886546
463.0,0.0,0.0,0.0,0.0,0.0,1.2123068224651343,0.003969579963791262,0.055340343110127276
464.0,0.0,0.0,0.0,0.0,0.0,0.7996906419180209,0.0026410975341364562,0.05091311566131709
465.0,0.0,0.0,1.0,0.0,1.0,0.5714489192097028,0.012892264172972836,0.10071942446043164
466.0,0.0,0.0,1.0,0.0,0.0,1.3183707547423895,0.0020765268599144448,0.038738240177089094
467.0,0.0,0.0,0.0,0.0,0.0,1.1303165182987138,0.001653294072323393,0.042612064194798
468.0,0.0,0.0,1.0,0.0,0.0,0.5609756097560974,0.00015358196432363117,0.008301051466519093
470.0,0.0,0.0,1.0,0.0,1.0,0.49044345898004427,0.0024331980924976342,0.02877697841726618
471.0,0.0,0.0,0.0,0.0,0.0,0.7007355292612735,0.012391100329659293,0.11676812396236856
472.0,0.0,0.0,1.0,0.0,0.0,0.8229342763498362,0.0033366985806052925,0.05368013281682346
473.0,0.0,0.0,1.0,0.0,0.0,0.5164095442072151,0.007533512384228653,0.07969009407858328
475.0,0.0,0.0,1.0,0.0,1.0,1.0009226637483877,0.010927402052219863,0.10127282789153291
476.0,0.0,0.0,1.0,0.0,0.0,1.1656233223759203,0.005163627417963273,0.07360265633646929
477.0,0.0,0.0,1.0,1.0,0.0,1.479842851834852,0.0028820434915886616,0.040398450470392915
478.0,0.0,0.0,1.0,0.0,0.0,1.2735324058364437,0.0034789735139984465,0.047039291643608185
479.0,0.0,0.0,0.0,0.0,0.0,1.2244238458742285,0.00737824373573307,0.08688433868289983
480.0,0.0,0.0,0.0,0.0,0.0,0.6716946332154157,0.008790029622546942,0.09186496956281129
481.0,0.0,0.0,0.0,0.0,0.0,0.7660813101749667,0.009262176251124531,0.06198118428334255
482.0,0.0,0.0,1.0,0.0,0.0,0.8606462880382264,0.008804616317145101,0.08301051466519091
483.0,,,,,,0.6123617947991026,0.011026729009012455,0.10071942446043164
484.0,0.0,0.0,1.0,0.0,0.0,0.707048268657633,0.011499531570323577,0.0996126175982291
485.0,0.0,0.0,1.0,1.0,0.0,0.9783498923350072,0.0023154113144898225,0.04537908135030437
486.0,,,,,,1.2769065343258894,0.014181515578183774,0.10680686220254565
487.0,0.0,0.0,1.0,0.0,0.0,0.2697595520421607,0.0012388695242969662,0.03984504703929164
488.0,0.0,0.0,1.0,0.0,0.0,1.23241783946045,0.002558606184171293,0.037631433314886546
489.0,0.0,0.0,0.0,0.0,0.0,0.5135920114368399,0.3104280998084738,0.46928610957387934
490.0,0.0,0.0,0.0,0.0,0.0,1.2132662148122488,0.001921789204584107,0.030437188710570003
491.0,0.0,0.0,0.0,0.0,0.0,0.7877721110255751,0.004676644215650941,0.05755395683453237
492.0,0.0,0.0,1.0,0.0,0.0,0.5826917026807744,0.007343073247258715,0.07360265633646929
493.0,0.0,0.0,0.0,0.0,0.0,2.5261111321016103,0.0032716675353090144,0.05368013281682346
494.0,0.0,0.0,0.0,0.0,0.0,0.4986797983059686,0.014388696617304915,0.11234089651355837
495.0,0.0,0.0,0.0,0.0,0.0,0.4422275060386474,0.01838310832029432,0.12894299944659657
496.0,0.0,0.0,1.0,1.0,1.0,0.6900419556468876,0.008282025337869387,0.07969009407858328
497.0,0.0,0.0,0.0,0.0,0.0,0.6045959726497339,0.006866678673359177,0.09075816270060874
498.0,0.0,0.0,0.0,0.0,0.0,0.9831603058466813,0.00446359101682005,0.06640841173215273
499.0,0.0,0.0,0.0,0.0,0.0,0.6418699186991865,0.004832443857311765,0.06253458771444383
500.0,,,,,,0.8223428198817861,0.031235017012708657,0.13724405091311564
501.0,0.0,0.0,0.0,0.0,0.0,0.5717010705624892,0.004005781203704032,0.06862202545655782
502.0,0.0,0.0,1.0,1.0,1.0,0.7756305966694448,0.05823758120993851,0.1870503597122302
503.0,0.0,0.0,0.0,0.0,0.0,0.9976719342094648,0.0005616658292592101,0.018815716657443277
504.0,0.0,0.0,1.0,0.0,0.0,0.3626933663378811,0.018991064259605926,0.12451577199778638
505.0,,,,,,1.5438423073161152,0.009888154723162337,0.0935251798561151
506.0,0.0,0.0,1.0,1.0,0.0,0.7303501591917572,0.27336946210829643,0.4333148865522966
507.0,0.0,0.0,0.0,0.0,0.0,0.680596900999924,0.005994163198188076,0.06142778085224128
508.0,0.0,0.0,0.0,0.0,0.0,1.9708790364703341,0.010006097675630514,0.09131156613171001
509.0,0.0,0.0,0.0,0.0,0.0,0.8635579587094477,0.003096564730346989,0.05644714997232982
510.0,0.0,0.0,0.0,0.0,1.0,0.5625027358882884,0.007402856830686705,0.07028223574986164
511.0,0.0,0.0,1.0,0.0,0.0,1.2308144738524478,0.0035502827726014265,0.05644714997232982
512.0,0.0,0.0,0.0,0.0,0.0,1.1308587411083997,0.39297879606857644,0.5080243497509684
513.0,0.0,0.0,0.0,0.0,0.0,0.597824624814308,0.0028781703649715922,0.04759269507470946
514.0,0.0,0.0,1.0,1.0,1.0,3.032085561497326,7.487003629931745e-05,0.005534034311012728
515.0,0.0,0.0,1.0,1.0,0.0,1.2449342857809842,0.006011967086669766,0.07470946319867182
516.0,0.0,0.0,0.0,0.0,0.0,0.6837884897360708,0.00825997350406575,0.07083563918096292
517.0,0.0,0.0,1.0,0.0,1.0,0.7653519897444281,0.008060882301991553,0.07304925290536801
518.0,0.0,0.0,0.0,0.0,0.0,0.6276649981460878,0.010204126891374224,0.09518539014941892
519.0,0.0,0.0,0.0,0.0,0.0,0.6547864209167306,0.008670993448856206,0.09241837299391255
520.0,0.0,1.0,1.0,1.0,1.0,0.7977799179382226,0.0017586181283940217,0.03541781959048146
521.0,0.0,0.0,0.0,0.0,0.0,0.4613136814556771,0.019141054211341144,0.12672938572219147
522.0,0.0,0.0,1.0,0.0,0.0,0.8010274483478783,0.002857430396635027,0.04814609850581073
523.0,0.0,0.0,1.0,0.0,0.0,0.5340785169029444,0.004031643694340593,0.05035971223021582
524.0,0.0,0.0,0.0,0.0,0.0,0.8624595003239967,0.011654581574574647,0.09241837299391255
525.0,0.0,0.0,1.0,0.0,0.0,0.642675132628765,0.10777690091024095,0.25345877144438295
526.0,0.0,0.0,1.0,1.0,1.0,0.7027426513104403,0.11951919006175697,0.2999446596568899
527.0,0.0,0.0,1.0,0.0,0.0,0.391947610962891,0.020735595451674957,0.12783619258439402
528.0,0.0,0.0,1.0,0.0,0.0,1.0101645905961814,0.006318131498770686,0.066961815163254
529.0,0.0,0.0,0.0,0.0,0.0,1.0008054436883764,0.003309711633854099,0.05035971223021582
530.0,0.0,0.0,0.0,0.0,0.0,0.6832429501084585,0.003272667051855354,0.048699501936912006
531.0,0.0,0.0,0.0,0.0,1.0,1.4244230381859506,0.008509384117269774,0.07692307692307691
532.0,0.0,0.0,1.0,0.0,0.0,0.5360008664982484,0.011542417077139999,0.0996126175982291
533.0,0.0,0.0,1.0,0.0,1.0,0.7642413005713498,0.01294233370496608,0.11676812396236856
534.0,0.0,0.0,0.0,0.0,0.0,0.4991626543855975,0.007131644262815629,0.07194244604316546
535.0,0.0,0.0,1.0,1.0,1.0,0.7895017095454286,0.010758296346535882,0.08909795240730492
537.0,0.0,0.0,0.0,0.0,0.0,0.7472314748971813,0.02227528822152834,0.1466519092418373
538.0,0.0,1.0,1.0,1.0,1.0,0.48429502093997223,0.0037984752250145998,0.054233536247924735
539.0,0.0,0.0,1.0,0.0,0.0,1.8089125778816197,0.0023257812986581046,0.052573325954620914
540.0,0.0,0.0,0.0,0.0,0.0,0.5501594041388648,0.008645724421169034,0.09186496956281129
541.0,0.0,0.0,0.0,0.0,0.0,1.1920688007644527,0.00032877847396187545,0.00996126175982291
542.0,0.0,0.0,0.0,0.0,0.0,1.0273430174074651,0.00176586462335499,0.03597122302158273
543.0,0.0,0.0,0.0,0.0,0.0,0.5719727854784595,0.033838257857652466,0.14831211953514112
544.0,0.0,0.0,0.0,0.0,1.0,0.6529968454258673,0.0023461464482897923,0.042612064194798
545.0,0.0,0.0,1.0,0.0,0.0,0.8409802921966143,0.010733964365610908,0.08467072495849473
546.0,0.0,0.0,0.0,0.0,0.0,0.7913211915054446,0.005915826088868639,0.055340343110127276
547.0,0.0,0.0,0.0,0.0,0.0,0.49230319051000776,0.012801495576608288,0.09905921416712783
548.0,0.0,0.0,0.0,0.0,0.0,0.5650100747812629,0.013016141754934906,0.10902047592695074
549.0,0.0,0.0,0.0,0.0,0.0,0.499925347135818,0.0043346533823421275,0.04925290536801328
550.0,0.0,0.0,1.0,0.0,1.0,1.053719758205247,0.006042889629822173,0.06142778085224128
551.0,0.0,0.0,1.0,0.0,0.0,0.6692195068289328,0.4106694893013934,0.6419479800774764
552.0,0.0,0.0,0.0,0.0,0.0,0.649711068723793,0.005705146741835306,0.06585500830105145
553.0,0.0,0.0,1.0,1.0,1.0,2.0111293894918694,0.002484798134202462,0.04925290536801328
554.0,0.0,0.0,1.0,0.0,0.0,0.5731243815843085,0.004100922684958817,0.05644714997232982
556.0,0.0,0.0,0.0,0.0,0.0,0.9338632602063998,0.0065316219860906,0.07415605976757056
557.0,0.0,0.0,1.0,0.0,0.0,0.7883317289460631,0.004958039358337863,0.07194244604316546
558.0,0.0,0.0,1.0,0.0,1.0,0.274443077764111,0.005799413646112043,0.08024349750968456
559.0,0.0,0.0,1.0,1.0,1.0,1.0258759196536016,0.00416370481802583,0.054786939679026
560.0,0.0,0.0,1.0,1.0,1.0,1.0071522309711292,0.0020790256512802953,0.03209739900387382
561.0,0.0,0.0,0.0,0.0,0.0,0.6636430364754058,0.011500905905574796,0.10016602102933038
562.0,0.0,0.0,0.0,0.0,0.0,0.5947971714458985,0.011825249024862289,0.09407858328721637
563.0,0.0,0.0,0.0,0.0,0.0,0.4840564820966936,0.016272129374423204,0.13004980630879912
564.0,0.0,0.0,0.0,0.0,0.0,0.4657855268091489,0.0005539508109171444,0.015495296070835636
565.0,0.0,0.0,1.0,0.0,0.0,0.6471852925974851,0.08661610487277434,0.18815716657443274
566.0,0.0,0.0,1.0,1.0,0.0,0.6059352374725557,0.078609977336587,0.2545655783065855
567.0,0.0,0.0,0.0,0.0,0.0,0.4703295247557545,0.013925733046996827,0.11400110680686219
568.0,0.0,0.0,1.0,0.0,0.0,1.0801940448310468,0.0015206082507966926,0.022689540675152185
569.0,,,,,,0.6114511653718095,0.0033600935147680747,0.057000553403431096
570.0,0.0,0.0,1.0,1.0,1.0,1.0201432928305176,0.00597810846366248,0.06585500830105145
571.0,0.0,0.0,0.0,0.0,0.0,0.3650863489552434,0.002117975561695502,0.047039291643608185
572.0,0.0,0.0,0.0,0.0,0.0,0.3783930244210615,0.0041930031467904355,0.05589374654122855
573.0,0.0,0.0,1.0,0.0,0.0,1.1236443116423187,0.0017550573506976838,0.037631433314886546
574.0,0.0,0.0,0.0,0.0,0.0,1.1413734633319204,0.0036843116944872707,0.059214167127836184
575.0,0.0,0.0,0.0,0.0,0.0,1.2560131643700783,0.0008516193323741721,0.02047592695074709
576.0,0.0,0.0,1.0,1.0,1.0,0.36891703230953315,0.00915263548462403,0.10459324847814055
577.0,0.0,0.0,0.0,0.0,0.0,0.35675203884024737,0.01385870296860787,0.11344770337576092
578.0,0.0,0.0,0.0,0.0,0.0,0.8934461859459999,0.00983096363577642,0.09463198671831764
579.0,0.0,0.0,1.0,0.0,0.0,0.6565462051804095,0.006590062469159446,0.06972883231876037
580.0,0.0,0.0,1.0,0.0,0.0,0.666669200280816,0.010777537040052935,0.08688433868289983
581.0,0.0,0.0,1.0,1.0,1.0,0.3077832674571808,0.0009670634934764987,0.025456557830658547
582.0,0.0,0.0,0.0,0.0,0.0,0.72476996687523,0.0038226197965871367,0.0630879911455451
583.0,0.0,0.0,0.0,0.0,0.0,0.6982101037136167,0.0030918170267518726,0.047039291643608185
584.0,1.0,1.0,1.0,1.0,1.0,0.7752048751569263,0.010346557999227745,0.09407858328721637
585.0,0.0,0.0,1.0,0.0,0.0,1.1831460177735889,0.004209901223402005,0.06419479800774765
586.0,0.0,0.0,0.0,0.0,0.0,0.5944348988163421,0.013696687583424488,0.11455451023796347
587.0,0.0,0.0,0.0,0.0,0.0,0.5051240315195755,0.14364252190768473,0.34643054786939675
588.0,,,,,,0.7835747874582444,0.004698352465641774,0.048699501936912006
589.0,0.0,0.0,0.0,0.0,0.0,0.7279017857142858,0.21071304948187866,0.48865522966242386
590.0,0.0,0.0,1.0,0.0,0.0,1.030596205962058,0.0051858354262272754,0.06253458771444383
591.0,0.0,0.0,1.0,0.0,1.0,0.6307550782943978,0.014897106955579418,0.11621472053126729
592.0,0.0,0.0,1.0,0.0,0.0,1.2797977380411523,0.0035347902661331484,0.05312672938572219
593.0,0.0,0.0,0.0,0.0,0.0,0.8119850775361694,0.008472433239947254,0.085224128389596
594.0,0.0,0.0,1.0,0.0,0.0,0.7035534280797687,0.005994756661137465,0.06972883231876037
595.0,0.0,0.0,1.0,1.0,0.0,0.7328607269420155,0.6628928982412816,0.7310459324847813
596.0,0.0,0.0,1.0,1.0,0.0,1.3232226909309552,0.009168565279581332,0.07913669064748201
597.0,0.0,0.0,0.0,0.0,0.0,0.7456583426434407,0.009498530679441987,0.07913669064748201
598.0,0.0,0.0,1.0,1.0,1.0,1.1687209550771855,0.00149184091519733,0.03154399557277255
599.0,0.0,0.0,1.0,1.0,1.0,0.6033291644333271,0.006455689963460796,0.060874377421140005
600.0,0.0,0.0,1.0,1.0,1.0,0.3657810352725608,0.006574288848662511,0.06474820143884892
601.0,0.0,0.0,0.0,0.0,0.0,0.6399216013540512,0.00865821837799829,0.07526286662977309
602.0,0.0,0.0,0.0,0.0,0.0,0.7290615454517372,0.47789384871904755,0.6851134477033757
603.0,0.0,0.0,1.0,0.0,0.0,0.8807704706640886,0.020670439466810388,0.1283895960154953
604.0,0.0,0.0,0.0,0.0,0.0,0.6974592035298783,0.007252117241541731,0.08411732152739346
605.0,0.0,0.0,1.0,0.0,0.0,0.6534507431619336,0.011510776131469906,0.09905921416712783
606.0,0.0,0.0,0.0,0.0,0.0,1.8846380553246913,0.00564808059401768,0.07415605976757056
607.0,0.0,0.0,1.0,0.0,0.0,1.274886027408598,0.005348444274360043,0.07304925290536801
608.0,0.0,0.0,0.0,0.0,0.0,0.47097149688542084,0.02320218364379878,0.14554510237963475
609.0,0.0,0.0,1.0,0.0,0.0,0.7019081240504066,0.004398403797063407,0.04648588821250691
610.0,0.0,0.0,1.0,1.0,0.0,0.9840705616318238,0.0038475764753535765,0.06419479800774765
611.0,0.0,0.0,1.0,0.0,0.0,1.0081576294722396,0.010939458720560095,0.10736026563364692
612.0,0.0,0.0,1.0,0.0,0.0,0.40153478547459226,0.010302017043131448,0.09131156613171001
613.0,0.0,0.0,0.0,0.0,0.0,0.4812222039202766,0.011390490562096244,0.09739900387382401
614.0,0.0,0.0,0.0,0.0,0.0,0.5991996071783303,0.013749661960380535,0.11289429994465965
615.0,0.0,0.0,0.0,0.0,0.0,1.0486149777282852,0.006397999117801705,0.07138904261206419
616.0,0.0,0.0,0.0,0.0,0.0,0.7983412207550137,0.003158003763054857,0.05146651909241837
617.0,0.0,0.0,1.0,0.0,1.0,1.3894586349360023,0.0031149620817780693,0.06419479800774765
618.0,0.0,0.0,0.0,0.0,0.0,1.4553656489588516,0.0051278322316474535,0.05146651909241837
619.0,0.0,0.0,1.0,0.0,0.0,0.6046050394771645,0.010806366845436446,0.09905921416712783
620.0,0.0,0.0,1.0,1.0,1.0,0.618353105740308,0.011892591452171974,0.09850581073602656
621.0,0.0,0.0,0.0,0.0,0.0,0.5304333611574844,0.016299366200310982,0.12340896513558383
622.0,0.0,1.0,1.0,1.0,1.0,0.4692348951660469,0.010189915015480944,0.10348644161593801
623.0,0.0,0.0,0.0,0.0,0.0,1.0423754235641063,0.004347615862552479,0.05866076369673491
624.0,0.0,0.0,1.0,1.0,0.0,0.9697316033331564,0.008466498610453357,0.08688433868289983
625.0,0.0,0.0,0.0,0.0,0.0,0.7173182118268415,0.0058653192683863695,0.059214167127836184
626.0,0.0,0.0,0.0,0.0,0.0,0.4888157377221119,0.01914417770054846,0.12230215827338128
627.0,0.0,0.0,1.0,1.0,0.0,0.9557700072680302,0.010055792388918884,0.09131156613171001
628.0,1.0,1.0,1.0,1.0,1.0,0.7609569956821944,0.008595373775147132,0.07636967349197564
629.0,0.0,0.0,0.0,1.0,0.0,1.205337820567435,0.005051431685636552,0.05368013281682346
630.0,0.0,0.0,0.0,0.0,0.0,0.8413616126638631,0.0028498090829691806,0.05368013281682346
631.0,0.0,0.0,0.0,0.0,0.0,0.9739958608002454,0.009395080716895744,0.0996126175982291
632.0,0.0,0.0,0.0,0.0,0.0,0.5659670829610327,0.011667950108381953,0.09186496956281129
633.0,0.0,0.0,1.0,0.0,0.0,0.7223959683691997,0.014141003923164912,0.10182623132263419
634.0,0.0,0.0,0.0,0.0,0.0,0.724809743872719,0.01498924988719518,0.10182623132263419
635.0,1.0,1.0,1.0,1.0,1.0,0.8975044720613851,0.001941373481913966,0.04648588821250691
636.0,0.0,0.0,1.0,1.0,1.0,0.48995575502928446,0.013847583347029829,0.10957387935805202
637.0,0.0,0.0,1.0,0.0,0.0,0.4073683576334493,0.007465482789293351,0.06142778085224128
638.0,0.0,0.0,1.0,0.0,0.0,0.5865324390625812,0.005645206983946951,0.07802988378527946
639.0,0.0,0.0,0.0,0.0,0.0,1.1584404236957018,0.007483130503314676,0.08799114554510237
640.0,0.0,0.0,0.0,0.0,0.0,1.0431734768779046,0.004795774094017899,0.06253458771444383
641.0,0.0,0.0,1.0,1.0,1.0,0.5999036713922212,0.007912953853133162,0.07636967349197564
642.0,0.0,0.0,0.0,0.0,0.0,1.1174254871063392,0.004599212918201626,0.05976757055893746
643.0,0.0,0.0,0.0,0.0,0.0,0.7813867856031528,0.004277212415819621,0.054233536247924735
644.0,0.0,0.0,1.0,0.0,0.0,0.7773498581108474,0.006041921348167908,0.085224128389596
645.0,0.0,0.0,1.0,0.0,0.0,1.0161772754638487,0.01321073513255057,0.085224128389596
647.0,0.0,0.0,1.0,1.0,1.0,0.5527397569679723,0.010998523901470408,0.09463198671831764
648.0,0.0,0.0,1.0,1.0,1.0,0.916161061674178,0.01116038311219342,0.08688433868289983
650.0,0.0,0.0,1.0,0.0,0.0,1.671247846005128,0.0026487500826943757,0.037631433314886546
651.0,0.0,0.0,0.0,0.0,0.0,0.8699801260964903,0.007702461915452266,0.07636967349197564
652.0,0.0,0.0,0.0,0.0,0.0,0.8954380477246319,0.008603682256438587,0.08577753182069728
653.0,0.0,0.0,1.0,0.0,0.0,0.558134945920502,0.02045182645719048,0.13447703375760928
654.0,0.0,0.0,1.0,1.0,0.0,0.4905765537110716,0.0143860416514787,0.11289429994465965
655.0,0.0,0.0,1.0,1.0,0.0,0.5835022913484239,0.0017435004406306217,0.034864416159380185
656.0,0.0,0.0,1.0,1.0,1.0,0.9606607259291455,0.0022428526602039167,0.05091311566131709
657.0,0.0,0.0,1.0,0.0,1.0,1.4444171377078727,0.0034113812075521706,0.048699501936912006
658.0,0.0,0.0,0.0,0.0,0.0,0.7364501679731243,0.0003763492145892683,0.015495296070835636
659.0,0.0,0.0,1.0,0.0,0.0,1.4577202288633744,0.014267692645413572,0.10348644161593801
660.0,0.0,0.0,1.0,0.0,0.0,0.9718345705196172,0.009490565781963336,0.09241837299391255
661.0,0.0,0.0,1.0,1.0,1.0,0.624839812540191,0.000799988055777271,0.02213613724405091
662.0,0.0,0.0,1.0,1.0,0.0,0.7854163670358115,0.0021096358455119733,0.037631433314886546
663.0,0.0,0.0,0.0,1.0,0.0,1.1468826854450633,0.007806661515408265,0.07526286662977309
664.0,0.0,0.0,1.0,0.0,0.0,0.46293131144380906,0.010406935045605126,0.10459324847814055
665.0,0.0,0.0,0.0,0.0,0.0,0.7761282016533408,0.0042625632514373185,0.066961815163254
666.0,0.0,0.0,1.0,0.0,0.0,0.9929097366597361,0.004403057795982304,0.05755395683453237
667.0,0.0,0.0,1.0,0.0,1.0,0.8042557000025877,0.003510052231611221,0.055340343110127276
668.0,0.0,0.0,1.0,1.0,0.0,0.8684622975561617,0.00408552388316676,0.0448256779192031
669.0,0.0,0.0,1.0,0.0,0.0,0.4841433322991901,0.01288098837693443,0.11234089651355837
670.0,0.0,0.0,0.0,0.0,0.0,0.7483590765111205,0.07450571251817634,0.18815716657443274
671.0,0.0,0.0,1.0,0.0,0.0,0.556976290369792,0.00974356840775577,0.09795240730492528
672.0,0.0,0.0,0.0,0.0,0.0,0.5206442603401741,0.013174440187961581,0.10680686220254565
673.0,0.0,0.0,1.0,0.0,0.0,1.0800953238009512,0.047747155297821864,0.20365246264526837
674.0,0.0,0.0,0.0,0.0,0.0,0.908508036945613,0.004845218928169679,0.07194244604316546
675.0,0.0,0.0,0.0,0.0,0.0,0.6679708826205636,0.0032438372464718463,0.06253458771444383
676.0,0.0,0.0,1.0,0.0,0.0,0.991297370055912,0.007834429334461285,0.07969009407858328
677.0,0.0,0.0,0.0,0.0,0.0,0.6156217684979434,0.003390016541374143,0.041505257332595455
678.0,0.0,0.0,0.0,0.0,0.0,0.6786632039365764,0.01332230616703583,0.10403984504703928
679.0,0.0,0.0,1.0,0.0,0.0,0.40357781277265875,0.01551562028841174,0.1079136690647482
680.0,0.0,0.0,1.0,0.0,0.0,1.0267032570603993,0.0045918102487802915,0.054786939679026
681.0,,,,,,0.8401198959393729,0.005731384051176744,0.07636967349197564
682.0,0.0,0.0,1.0,0.0,0.0,0.9390227509493562,0.0058837166198174515,0.05644714997232982
683.0,0.0,0.0,0.0,0.0,0.0,0.5975163543047058,0.022880870309042387,0.1444382955174322
684.0,,,,,,0.762363005681939,0.015089295246505452,0.11842833425567237
685.0,0.0,0.0,0.0,0.0,0.0,0.7681197035554579,0.010970756082417385,0.08799114554510237
686.0,0.0,0.0,0.0,0.0,0.0,0.5608432539682536,0.0018881179909292617,0.034864416159380185
687.0,0.0,0.0,1.0,0.0,0.0,0.35230425055928394,0.0013173940429688409,0.030437188710570003
688.0,0.0,0.0,1.0,1.0,1.0,0.7512661180623481,0.011112000264372125,0.09131156613171001
689.0,0.0,0.0,1.0,1.0,0.0,0.4226645010626005,0.011861700143911637,0.09407858328721637
690.0,0.0,0.0,0.0,0.0,0.0,0.5638808082396417,0.005065081333472514,0.05866076369673491
691.0,0.0,0.0,0.0,0.0,0.0,0.7035592320826981,0.004061566720946661,0.037631433314886546
692.0,0.0,0.0,0.0,0.0,0.0,0.7377117492526492,0.01533405186079058,0.11344770337576092
693.0,0.0,0.0,0.0,0.0,0.0,1.0722031273775323,0.00800166094662088,0.07692307692307691
696.0,0.0,0.0,1.0,1.0,0.0,1.3922299573321364,0.002086771904514435,0.048699501936912006
697.0,0.0,0.0,1.0,0.0,0.0,0.5302474657125815,0.001897425988767057,0.021029330381848364
698.0,0.0,0.0,0.0,0.0,0.0,0.7420216276869592,0.004661214178966809,0.03707802988378527
699.0,0.0,0.0,0.0,0.0,0.0,0.4255864264394378,0.0032438372464718463,0.05146651909241837
700.0,0.0,0.0,0.0,0.0,0.0,0.3237866159927308,0.014956453250518389,0.11510791366906474
701.0,0.0,0.0,1.0,0.0,0.0,1.0555028640135018,0.008072001923569591,0.08079690094078583
702.0,0.0,0.0,0.0,0.0,0.0,0.510491464793919,0.002216896464891137,0.04648588821250691
703.0,0.0,0.0,0.0,0.0,0.0,1.0454212454212457,0.001968110549528574,0.04427227448810182
704.0,0.0,0.0,0.0,0.0,0.0,0.9268336742067032,0.008470809025559448,0.0874377421140011
705.0,0.0,0.0,0.0,0.0,0.0,1.2759728393636873,0.005133954270493789,0.06751521859435528
706.0,0.0,0.0,1.0,1.0,0.0,1.0788581130207444,0.007251773657728924,0.07083563918096292
707.0,0.0,0.0,1.0,1.0,1.0,1.496016629802572,0.0031082153450902703,0.041505257332595455
708.0,0.0,0.0,1.0,1.0,0.0,0.5845908684839561,0.006087149471889811,0.06972883231876037
709.0,0.0,0.0,1.0,1.0,0.0,1.086329285076177,0.011904835529864646,0.09684560044272274
710.0,0.0,0.0,1.0,1.0,1.0,0.7044717948717951,0.01366048634351172,0.11234089651355837
711.0,0.0,0.0,0.0,0.0,0.0,0.8151572399053502,0.004455376240204815,0.06364139457664637
712.0,0.0,0.0,1.0,0.0,0.0,0.8391769978464576,0.0074651704403726205,0.06585500830105145
713.0,0.0,0.0,1.0,0.0,0.0,0.6867594038940964,0.01189137329138112,0.10403984504703928
714.0,0.0,0.0,1.0,0.0,0.0,0.45461832600560953,0.012949080441653871,0.10403984504703928
715.0,0.0,0.0,1.0,1.0,0.0,0.7152642829382043,0.001344380989720034,0.03375760929717764
716.0,0.0,0.0,1.0,1.0,0.0,0.720520574426954,0.004766413295469147,0.07194244604316546
717.0,0.0,0.0,0.0,0.0,0.0,1.1416111407249465,0.0031626889968658276,0.04648588821250691
718.0,0.0,0.0,1.0,0.0,0.0,0.9603651473909767,0.008154899327131706,0.085224128389596
719.0,0.0,0.0,0.0,0.0,0.0,0.903881321308462,0.003738941520723194,0.05035971223021582
720.0,0.0,0.0,1.0,1.0,1.0,1.3003008895866033,0.0053882375268612245,0.05644714997232982
721.0,0.0,0.0,1.0,0.0,0.0,0.8247464565004892,0.01093249333962779,0.07692307692307691
722.0,0.0,0.0,1.0,0.0,0.0,0.9318749375686743,0.0015674605889064023,0.02324294410625346
723.0,0.0,0.0,0.0,0.0,0.0,0.2859845072959827,0.001058144438761776,0.03375760929717764
724.0,0.0,0.0,0.0,0.0,0.0,1.0731336389155381,0.006644005127769757,0.07692307692307691
725.0,0.0,0.0,1.0,0.0,0.0,0.6095334597007365,0.004714594609519806,0.06032097399003873
726.0,0.0,0.0,1.0,1.0,1.0,0.6200877673840128,0.012998119222208704,0.1057000553403431
727.0,0.0,0.0,0.0,0.0,0.0,0.4861651716839038,0.008129724004120755,0.08909795240730492
728.0,0.0,0.0,0.0,0.0,0.0,0.28588817587983084,0.006364421608823082,0.07802988378527946
729.0,0.0,0.0,1.0,1.0,0.0,0.9961710523745336,0.0015836090281082162,0.034864416159380185
730.0,0.0,0.0,0.0,0.0,0.0,0.6511268284026663,0.009874505075326376,0.09850581073602656
731.0,,,,,,1.0638731990335588,0.006526312054438167,0.06142778085224128
732.0,,,,,,0.6121956442950817,0.018897828106767604,0.1383508577753182
733.0,0.0,0.0,0.0,0.0,0.0,0.580357142857143,0.0010724812542233476,0.030437188710570003
734.0,0.0,0.0,0.0,0.0,0.0,0.6651664016356198,0.0056585442828621805,0.06972883231876037
735.0,0.0,0.0,0.0,1.0,0.0,0.7519459557150969,0.007969863826490422,0.09075816270060874
736.0,0.0,0.0,0.0,0.0,0.0,0.6296013147356491,0.003934534414885199,0.06032097399003873
737.0,0.0,0.0,1.0,1.0,0.0,0.6252214363728382,0.008954137745499222,0.06751521859435528
738.0,0.0,0.0,0.0,0.0,0.0,0.8090331304935765,0.0778353520131731,0.26895406751521855
739.0,0.0,0.0,0.0,0.0,0.0,0.6953667253703513,0.0017630534830684076,0.028223574986164915
740.0,0.0,0.0,0.0,0.0,0.0,0.4874097411152751,0.0033832385697942714,0.0448256779192031
741.0,0.0,0.0,1.0,0.0,0.0,0.9517975576376466,0.002690917186993115,0.05091311566131709
742.0,0.0,0.0,0.0,0.0,0.0,0.4619692364373214,0.004092020740717972,0.066961815163254
743.0,0.0,0.0,0.0,0.0,0.0,0.9209849298063587,0.007151353479713779,0.07083563918096292
744.0,0.0,0.0,0.0,0.0,0.0,0.35018998222274256,0.01143768648401876,0.10127282789153291
746.0,0.0,0.0,1.0,0.0,0.0,1.3741575644898911,0.006714439809394691,0.06862202545655782
747.0,0.0,0.0,1.0,0.0,0.0,0.5087566477168529,0.010992901620897238,0.10514665190924183
748.0,0.0,0.0,1.0,1.0,1.0,1.1051604202157876,0.0024131765266787513,0.05035971223021582
749.0,0.0,0.0,1.0,0.0,0.0,1.1016543086172346,0.010184917432749244,0.09297177642501382
750.0,0.0,0.0,0.0,0.0,0.0,1.1518936341659944,0.003973827909113209,0.06640841173215273
751.0,0.0,0.0,1.0,0.0,1.0,0.5497909413469708,0.002810140770036292,0.049806308799114546
752.0,0.0,0.0,1.0,0.0,0.0,0.4138663934692814,0.013827655485887167,0.10459324847814055
753.0,0.0,0.0,0.0,0.0,0.0,0.5901217009591387,0.01714561313124857,0.12340896513558383
754.0,0.0,0.0,1.0,0.0,0.0,1.133624323705618,0.009169908379940478,0.08854454897620365
755.0,0.0,0.0,0.0,0.0,0.0,0.5656905757915861,0.0020849915156662653,0.04205866076369673
756.0,0.0,0.0,1.0,0.0,0.0,0.4396171974217683,0.014601531171891294,0.11012728278915328
757.0,0.0,0.0,0.0,0.0,0.0,0.6946337953495418,0.001813622773334822,0.036524626452684006
758.0,0.0,0.0,0.0,0.0,0.0,1.2198936911815956,0.0010653596988306716,0.024349750968456
759.0,0.0,0.0,0.0,0.0,1.0,1.0011817808132557,0.0006409399853408403,0.021582733812949638
760.0,0.0,0.0,0.0,0.0,0.0,0.38103436282693404,0.018780697261493326,0.13890426120641947
761.0,0.0,0.0,0.0,0.0,0.0,0.36110982854680346,0.012695234473775463,0.09407858328721637
762.0,0.0,0.0,0.0,0.0,0.0,0.9489239598278337,0.0006948201741670075,0.026563364692861094
763.0,0.0,0.0,0.0,0.0,0.0,0.3809572540144794,0.6201166823122239,0.7969009407858328
764.0,0.0,0.0,1.0,1.0,1.0,0.6747173529716834,0.002272275928536815,0.034864416159380185
765.0,0.0,0.0,1.0,0.0,0.0,0.6347493356031004,0.00649473357855222,0.06474820143884892
766.0,0.0,0.0,1.0,0.0,0.0,1.0358521402893583,0.00854670981329718,0.07747648035417819
767.0,0.0,0.0,0.0,0.0,0.0,0.6909027243178514,0.009930509236813517,0.09629219701162146
768.0,0.0,0.0,1.0,0.0,1.0,0.6485168769178316,0.009211700665534337,0.09297177642501382
769.0,0.0,0.0,1.0,1.0,0.0,0.6889865171943648,0.005365498525431979,0.06751521859435528
770.0,0.0,0.0,1.0,0.0,1.0,0.40861618798955635,0.0010798214538605356,0.030437188710570003
771.0,0.0,0.0,0.0,0.0,0.0,0.5760685932991464,0.012862903374424084,0.1057000553403431
772.0,0.0,0.0,0.0,0.0,0.0,0.7035753835009259,0.24664320176634552,0.4571112340896513
773.0,0.0,0.0,1.0,0.0,0.0,1.1124055454178037,0.013090918086558007,0.09850581073602656
774.0,0.0,0.0,0.0,0.0,0.0,1.0527752913526782,0.025089239648397557,0.15993359158826784
775.0,0.0,0.0,0.0,0.0,0.0,1.2194067303646132,0.0057282917968615055,0.06862202545655782
776.0,0.0,1.0,1.0,0.0,1.0,0.7435409918157208,0.006753202310457459,0.07304925290536801
777.0,0.0,0.0,0.0,0.0,0.0,0.9949239799846032,0.005214165473337614,0.0691754288876591
778.0,0.0,0.0,0.0,0.0,0.0,0.5310869340104719,0.01747467271923911,0.11621472053126729
779.0,0.0,0.0,0.0,0.0,0.0,0.8290416181041179,0.0015753630166009073,0.02877697841726618
780.0,0.0,0.0,1.0,0.0,0.0,1.1357427055702922,0.0046180475581217295,0.04759269507470946
781.0,0.0,0.0,0.0,1.0,0.0,1.6255108502463782,0.004697759002692383,0.06142778085224128
782.0,0.0,0.0,1.0,1.0,1.0,0.7365874539023103,0.0055775522077165275,0.06751521859435528
783.0,,,,,,0.31310679611650466,0.0027163736240327246,0.049806308799114546
784.0,0.0,0.0,0.0,0.0,0.0,0.18142567541226462,0.00443016968230179,0.06364139457664637
785.0,0.0,0.0,1.0,1.0,0.0,0.8744423895267702,0.015378873930915537,0.11621472053126729
786.0,0.0,0.0,0.0,0.0,0.0,0.6659324522760638,0.0004578722829001646,0.014941892639734366
787.0,0.0,0.0,1.0,0.0,0.0,0.802549709636845,0.006380507578240748,0.06862202545655782
788.0,0.0,0.0,0.0,0.0,0.0,0.8509300290459517,0.00863604160462636,0.08079690094078583
789.0,0.0,0.0,0.0,0.0,0.0,1.1862008588805328,0.004374071816138429,0.060874377421140005
790.0,0.0,0.0,1.0,1.0,0.0,0.5795034422941393,0.010414556359270974,0.08799114554510237
791.0,0.0,0.0,1.0,1.0,1.0,0.6726159570785737,0.00011766183843951974,0.007194244604316545
792.0,0.0,0.0,0.0,0.0,0.0,0.5354106419895895,0.007979359233680658,0.07249584947426674
794.0,0.0,0.0,0.0,0.0,0.0,1.3184434787516224,0.0032486161849590365,0.047039291643608185
795.0,0.0,0.0,1.0,0.0,0.0,0.5639912280701757,0.0003052898351228739,0.011068068622025456
796.0,0.0,0.0,0.0,0.0,0.0,0.6419710828518592,0.004759104330724032,0.066961815163254
797.0,0.0,0.0,0.0,0.0,0.0,0.8782087247738345,0.0042558789845336675,0.060874377421140005
798.0,0.0,0.0,0.0,0.0,0.0,0.6283096655978019,0.0019017051689810777,0.04205866076369673
799.0,0.0,0.0,1.0,1.0,1.0,1.0538883820681486,0.002284238892200828,0.049806308799114546
800.0,0.0,0.0,0.0,0.0,1.0,0.8191510244141814,0.003046932486842769,0.05312672938572219
802.0,0.0,0.0,0.0,0.0,0.0,0.9376063303659741,0.011544041291527802,0.09795240730492528
803.0,1.0,1.0,1.0,1.0,1.0,0.13470496894409933,0.003375023793179036,0.048699501936912006
804.0,0.0,0.0,0.0,0.0,0.0,0.9187527464844999,0.006321723511359097,0.07692307692307691
805.0,0.0,0.0,0.0,0.0,0.0,1.198970017256255,0.002329498250814808,0.03209739900387382
806.0,0.0,0.0,0.0,0.0,0.0,0.9213386234259109,0.00994775089723789,0.08909795240730492
807.0,0.0,0.0,1.0,0.0,1.0,0.43753603136169733,0.006047512393848999,0.06474820143884892
808.0,0.0,0.0,1.0,0.0,1.0,0.5516555801921659,0.004023585092185722,0.04371887105700055
809.0,0.0,0.0,0.0,0.0,0.0,0.7677989505661418,0.01091041027093208,0.09075816270060874
810.0,0.0,0.0,0.0,0.0,0.0,0.44885501448475695,0.012596813328852997,0.11012728278915328
811.0,0.0,0.0,1.0,0.0,0.0,1.0810677698975566,0.000528962897258632,0.022689540675152185
812.0,1.0,1.0,1.0,1.0,1.0,0.18174133558748945,0.004941765979567756,0.06364139457664637
813.0,0.0,0.0,1.0,0.0,0.0,0.9586689788916235,0.003338478969453461,0.05755395683453237
814.0,0.0,0.0,1.0,1.0,1.0,1.689852454080097,0.00022804594702599779,0.012174875484228001
815.0,0.0,0.0,0.0,0.0,0.0,0.7771898849954263,0.006179104994153138,0.07747648035417819
816.0,0.0,0.0,1.0,1.0,0.0,0.4292158223455934,0.0007367373993291616,0.019922523519645817
817.0,0.0,0.0,1.0,0.0,0.0,0.5196433216784759,0.016765453259826382,0.12174875484228001
818.0,0.0,0.0,1.0,1.0,0.0,1.3291761723700886,0.008836226027923118,0.08909795240730492
819.0,0.0,0.0,0.0,0.0,0.0,0.6536054703688349,0.0046754572897521616,0.05644714997232982
820.0,0.0,0.0,1.0,0.0,0.0,0.743432124669421,0.0006550581565578997,0.0066408411732152735
821.0,0.0,0.0,1.0,0.0,0.0,1.178398354212744,0.22642648034178967,0.41394576646375203
822.0,0.0,0.0,1.0,0.0,0.0,0.7001420551790225,0.011720893250445922,0.1079136690647482
823.0,0.0,0.0,0.0,0.0,0.0,0.5728575018848956,0.0035287306970709586,0.041505257332595455
824.0,0.0,0.0,0.0,0.0,0.0,0.69584879406308,0.006156896985889136,0.06806862202545655
826.0,0.0,0.0,1.0,1.0,0.0,0.7264826112088364,0.018059764717553172,0.11842833425567237
827.0,0.0,0.0,0.0,0.0,0.0,0.8112753110397471,0.0028082666765119036,0.04925290536801328
828.0,0.0,0.0,0.0,0.0,0.0,0.5185589581014692,0.019078615662086938,0.1283895960154953
829.0,0.0,0.0,1.0,0.0,0.0,1.141818525162873,0.0033460378133351614,0.048699501936912006
830.0,0.0,0.0,0.0,0.0,0.0,0.5839777070230193,0.012299394686532555,0.09075816270060874
831.0,0.0,0.0,0.0,0.0,0.0,0.2269052587646079,0.00611535457943186,0.08245711123408965
832.0,0.0,0.0,0.0,0.0,0.0,0.9223392196635244,0.0020608157092016546,0.04537908135030437
834.0,0.0,0.0,1.0,1.0,0.0,0.6989902846718425,0.005537477841186689,0.06640841173215273
835.0,,,,,,0.37225860366431346,0.01925193807820079,0.13503043718871055
836.0,0.0,0.0,0.0,0.0,0.0,0.7810202465784412,0.005994131963296002,0.07249584947426674
837.0,0.0,0.0,0.0,0.0,0.0,0.9936644772851662,0.0029542273271696883,0.034864416159380185
838.0,0.0,0.0,1.0,0.0,0.0,1.2180265957446805,0.0041936590795239705,0.054786939679026
839.0,0.0,0.0,0.0,0.0,0.0,0.9121448325081403,0.0027912436603320418,0.04427227448810182
840.0,0.0,0.0,0.0,0.0,0.0,0.6898006537417712,0.012453413939345208,0.11621472053126729
841.0,0.0,0.0,0.0,0.0,0.0,0.4421401455567442,0.02267815585948771,0.13779745434421692
842.0,0.0,0.0,1.0,0.0,0.0,0.9423556727262444,0.0107919987950828,0.09241837299391255
843.0,,,,,,0.8380734934560622,0.004567478267855316,0.057000553403431096
844.0,0.0,0.0,1.0,0.0,0.0,0.7752545583708258,0.0022993878148563013,0.04537908135030437
845.0,0.0,0.0,0.0,0.0,0.0,1.8309143686502174,4.319785573715312e-05,0.006087437742114001
846.0,0.0,0.0,1.0,0.0,0.0,0.9934243803743055,0.011373717425052969,0.10237963475373546
847.0,0.0,0.0,0.0,0.0,0.0,1.7647684128231664,0.010323444179093621,0.09518539014941892
848.0,0.0,0.0,1.0,1.0,0.0,0.7803989716244526,0.002686107013613851,0.02877697841726618
849.0,0.0,0.0,0.0,0.0,0.0,0.8525857042410524,0.0009168065521308159,0.02213613724405091
850.0,0.0,0.0,0.0,0.0,0.0,0.7273282318463049,0.004947700609061653,0.07194244604316546
851.0,0.0,0.0,1.0,0.0,1.0,0.6526015134462743,0.005324674521492384,0.066961815163254
852.0,0.0,0.0,1.0,0.0,0.0,0.9660235494396372,0.0014829702058485582,0.03209739900387382
853.0,0.0,0.0,0.0,0.0,0.0,0.845242907403248,0.0025324625795060743,0.040398450470392915
854.0,0.0,0.0,0.0,0.0,0.0,0.6976427783142508,0.011657299010185009,0.10016602102933038
855.0,0.0,0.0,0.0,0.0,0.0,0.7802109855422051,0.0021328121354302434,0.03818483674598782
856.0,0.0,0.0,0.0,0.0,0.0,0.765305248737049,0.0051710925571687525,0.06585500830105145
857.0,0.0,0.0,1.0,0.0,0.0,0.5437860688550833,0.027100391879202913,0.12728278915329275
858.0,0.0,0.0,0.0,0.0,0.0,0.5601907428501272,0.01658803907285095,0.11621472053126729
859.0,0.0,0.0,1.0,1.0,0.0,0.5854700854700857,0.004567540737639462,0.06751521859435528
860.0,0.0,0.0,0.0,0.0,0.0,1.13291313584051,0.01608103430471973,0.11012728278915328
861.0,0.0,0.0,0.0,0.0,0.0,0.7570509880763783,0.008609523181256266,0.08577753182069728
862.0,0.0,0.0,0.0,0.0,0.0,0.6206968587481165,0.008295081522755961,0.0813503043718871
863.0,1.0,1.0,1.0,1.0,0.0,0.7254574516306044,0.0013004022616810525,0.034864416159380185
864.0,0.0,0.0,1.0,1.0,1.0,0.4588517910356994,0.008978407256640054,0.07526286662977309
865.0,0.0,0.0,0.0,0.0,0.0,0.49262272656209233,0.01429133745871293,0.11234089651355837
866.0,0.0,0.0,0.0,0.0,0.0,0.5524152982410593,0.013383339146146747,0.11068068622025455
867.0,,,,,,1.26871494135645,0.0030594889134561713,0.03431101272827891
868.0,0.0,0.0,1.0,1.0,1.0,0.8346017952635606,0.006852872851062851,0.06364139457664637
,0.0,0.0,0.0,0.0,0.0,,,
,0.0,0.0,1.0,1.0,1.0,,,
,0.0,0.0,0.0,0.0,0.0,,,
,0.0,0.0,1.0,0.0,0.0,,,
,0.0,0.0,1.0,0.0,0.0,,,
,0.0,0.0,0.0,0.0,0.0,,,
,0.0,0.0,0.0,0.0,0.0,,,
,0.0,0.0,1.0,0.0,0.0,,,
,0.0,0.0,1.0,0.0,0.0,,,
,0.0,0.0,0.0,0.0,0.0,,,
,0.0,0.0,0.0,0.0,0.0,,,
,0.0,0.0,0.0,0.0,0.0,,,
,0.0,0.0,1.0,0.0,1.0,,,
,0.0,0.0,1.0,1.0,1.0,,,
,0.0,0.0,1.0,1.0,0.0,,,
,0.0,0.0,0.0,0.0,0.0,,,
,0.0,0.0,0.0,0.0,0.0,,,
,0.0,0.0,0.0,0.0,0.0,,,
,0.0,0.0,1.0,0.0,0.0,,,
,0.0,0.0,0.0,0.0,0.0,,,
,0.0,0.0,0.0,0.0,0.0,,,
,0.0,0.0,0.0,0.0,0.0,,,
,0.0,0.0,1.0,0.0,1.0,,,
,0.0,0.0,1.0,1.0,0.0,,,
,0.0,0.0,0.0,0.0,0.0,,,
,0.0,0.0,0.0,0.0,0.0,,,
,0.0,0.0,1.0,0.0,0.0,,,
,0.0,0.0,0.0,0.0,0.0,,,
,0.0,0.0,0.0,0.0,0.0,,,
,0.0,0.0,1.0,1.0,1.0,,,
,0.0,0.0,1.0,0.0,1.0,,,
,0.0,0.0,1.0,0.0,0.0,,,
,0.0,0.0,1.0,1.0,0.0,,,
,0.0,0.0,0.0,0.0,0.0,,,
,0.0,0.0,1.0,0.0,0.0,,,
,0.0,0.0,0.0,0.0,0.0,,,
,0.0,0.0,1.0,0.0,0.0,,,
,0.0,0.0,1.0,1.0,0.0,,,
,0.0,0.0,1.0,0.0,1.0,,,
,0.0,0.0,0.0,0.0,0.0,,,
,0.0,0.0,0.0,0.0,0.0,,,
