user_id,lang1_rate,lang2_rate,lang3_rate,lang1_norm_rate,lang2_norm_rate,lang3_norm_rate
0,20,31,1,0.6762399804981789,0.1164902298590409,0.0685116798042557
1,4,16,44,1.7757484192536328,1.0060925121248154,0.7961863556351381
2,31,36,17,1.9156858569134176,1.355936106274278,0.936123793294923
3,6,17,7,2.195560732232988,2.195560732232988,1.635810981593848
4,43,36,6,0.8894779807416621,0.5752325066986351,0.1618033049107797
5,6,16,1,1.38703331464312,1.169352856061232,0.7402113805712233
6,46,44,42,0.8698376386139723,0.7402113805712233,0.6180841622499581
7,19,7,10,0.2675338133648391,0.1964544799503454,0.055341097436277
8,12,6,9,1.076061230954708,0.8083548284751186,0.6762399804981789
9,16,46,47,1.38703331464312,0.7746575190720932,0.6096031054220921
11,31,46,44,0.9960969808634026,0.0798964204952218,-0.1234025204148792
12,42,9,13,0.2364366049959981,-0.4787991874873468,-1.0865540103206046
13,17,16,47,2.2755249823242933,1.228720253856292,1.076061230954708
14,31,38,1,1.9156858569134176,1.538463198873997,1.235989731137319
15,28,44,16,1.635810981593848,0.3440807878112169,0.3297282301025211
16,16,9,46,1.422572981350367,0.936123793294923,-0.2300215205366188
17,4,38,16,0.6885421728199183,-0.2300215205366188,-0.5232237708714064
18,40,1,29,0.7961863556351381,0.1964544799503454,0.0498533547829511
19,16,6,9,1.0387445809120988,0.8894779807416621,0.857028719835047
20,9,16,42,1.635810981593848,1.076061230954708,1.076061230954708
21,3,42,14,0.5163114803155681,0.5163114803155681,0.0685116798042557
22,16,32,38,1.076061230954708,0.7961863556351381,0.7961863556351381
23,29,45,6,-0.1056326870612538,-0.1056326870612538,-0.3792881207070556
24,17,45,46,0.5163114803155681,0.5163114803155681,0.3371915601110431
25,42,9,16,0.0498533547829511,-0.1866300669987009,-0.4166047707496658
26,6,16,9,1.355936106274278,0.9161327307720972,0.485214271946727
27,1,4,46,-0.3233131456431418,-0.5268585095119198,-0.8446486977090075
28,43,19,7,2.755310482872128,2.606043882701691,2.531410582616473
29,17,24,1,1.449227731380802,1.1880111810825356,0.8894779807416621
30,10,42,45,1.235989731137319,0.7068645869161256,0.6912332773902993
31,45,4,17,0.5163114803155681,0.0426770759286012,-0.0434382703235718
32,28,46,32,1.262644481167754,0.382639898073385,0.2364366049959981
33,16,9,46,1.9156858569134176,0.6707252046298129,0.1664678861661056
34,32,47,9,1.076061230954708,0.5163114803155681,0.454117063577886
35,44,9,46,1.215998668614493,0.982769605848184,0.6707252046298129
36,9,6,47,0.3297282301025211,0.1431449798894751,0.1431449798894751
37,63,41,52,0.1431449798894751,0.1211940092761756,0.0365259797677335
39,42,20,46,2.008977482019942,1.355936106274278,1.235989731137319
40,6,31,42,1.076061230954708,0.8894779807416621,0.0685116798042557
41,6,45,26,1.635810981593848,1.215998668614493,0.9960969808634026
42,1,16,9,0.8894779807416621,0.5163114803155681,0.3225519512481712
43,9,26,42,1.9013979503655711,1.8597108818495032,1.5718395815208055
44,42,16,17,-0.4309573284583606,-0.6754137952387298,-0.9085060667658778
45,9,4,46,1.511422148118484,0.7402113805712233,0.6407003137909321
46,40,32,6,0.7961863556351381,0.7402113805712233,0.7028947305286141
47,16,47,10,0.6024268265677432,0.5163114803155681,0.5163114803155681
48,14,1,16,1.9156858569134176,1.306546422394353,1.2999611312103632
49,5,38,46,0.656248917975353,0.1431449798894751,0.0365259797677335
50,17,42,19,2.042901709331404,1.894157020350373,1.8597108818495032
51,42,17,1,1.89024268642982,1.4119110813381928,0.97728186319486
52,1,16,9,1.635810981593848,1.2913495965851456,1.1077451791040942
53,26,46,5,0.2364366049959981,-0.3233131456431418,-0.8270879212183679
54,17,31,36,1.126947571921902,0.656248917975353,-0.0434382703235718
55,47,16,38,1.4119110813381928,1.076061230954708,1.076061230954708
56,28,38,13,1.511422148118484,1.449227731380802,1.4194021560679349
57,36,45,17,0.9641112808268804,0.0583344116108171,-0.0434382703235718
58,16,44,42,-0.0434382703235718,-0.1553882204513994,-0.3544103540119828
59,16,9,44,0.6180841622499581,-0.3308773314625899,-0.3792881207070556
60,42,44,9,0.7028947305286141,0.2924115800599119,0.0426770759286012
62,1,38,9,0.6762399804981789,0.6762399804981789,0.430196134063393
63,4,38,9,2.531410582616473,2.2755249823242933,1.66690818996269
64,19,24,28,1.262644481167754,1.025174889987516,0.6762399804981789
65,45,20,1,0.5163114803155681,-0.3632952706887945,-0.4632505833029268
66,16,14,9,0.7961863556351381,0.7961863556351381,0.0685116798042557
67,9,16,6,0.8521613306990529,0.7961863556351381,0.7961863556351381
68,16,9,46,0.9960969808634026,0.1431449798894751,-0.1833757079833568
69,1,6,29,1.4590479024446468,1.33049293579068,1.076061230954708
70,5,31,9,-0.3233131456431418,-0.3792881207070556,-0.4166047707496658
71,31,16,9,0.7028947305286141,0.5163114803155681,0.1929005132796217
72,1,38,16,0.5163114803155681,0.5163114803155681,0.3297282301025211
73,42,9,4,0.3563829801329572,-0.5113540774984778,-0.74227735293971
74,16,20,13,-1.4173694764378255,-2.002562397560561,-2.221419256259937
75,26,45,16,2.195560732232988,1.9156858569134176,1.8597108818495032
76,16,9,1,1.156025481046013,0.5356131958548491,0.5163114803155681
77,9,38,42,1.760199815069212,0.7402113805712233,0.5163114803155681
78,44,46,1,1.7477609317216756,1.392441524794222,1.38703331464312
79,6,4,42,0.8177151921981828,0.7028947305286141,0.656248917975353
80,3,44,9,1.076061230954708,-0.2533444268132493,-0.8830628962822817
81,45,6,16,0.8361684806807917,0.6180841622499581,0.4145387983811801
82,16,4,9,0.9960969808634026,0.7961863556351381,0.5873908137300617
83,38,46,44,0.3297282301025211,-0.1553882204513994,-0.3544103540119828
84,6,28,17,1.635810981593848,0.936123793294923,0.1431449798894751
85,19,36,12,1.737583663528238,1.635810981593848,1.635810981593848
86,42,44,10,0.9641112808268804,0.8894779807416621,0.8894779807416621
87,10,17,1,1.9156858569134176,1.635810981593848,1.076061230954708
88,36,1,11,1.475882481411237,1.4119110813381928,1.38703331464312
89,31,1,14,1.1880111810825356,0.9960969808634026,0.8894779807416621
90,9,44,5,0.3395484011663659,0.3187527447958713,0.0583344116108171
91,42,31,4,-0.7631165211453236,-0.8830628962822817,-0.8830628962822817
92,31,16,5,1.076061230954708,0.5163114803155681,0.0685116798042557
93,4,16,46,-0.8830628962822817,-1.0829735215105465,-2.5623121481997013
94,16,9,46,1.355936106274278,0.719856844184346,0.5163114803155681
95,4,36,12,1.324838897905436,1.1880111810825356,0.9960969808634026
96,44,9,5,1.635810981593848,1.076061230954708,0.9641112808268804
97,16,14,4,0.936123793294923,0.2924115800599119,0.2364366049959981
98,6,4,9,2.008977482019942,1.635810981593848,1.2859673874443855
99,31,16,4,0.5163114803155681,0.5163114803155681,-0.1234025204148792
100,16,45,17,1.635810981593848,1.635810981593848,1.156025481046013
101,16,13,46,-0.4432595207800989,-1.0072920228914812,-1.033764752223589
102,17,42,19,1.635810981593848,1.537031613834,1.4119110813381928
103,45,9,16,1.475882481411237,1.2233637969123765,1.0060925121248154
104,45,10,44,1.511422148118484,0.982769605848184,0.4230198552090451
105,1,17,9,2.755310482872128,2.382143982446034,2.288852357339512
106,9,16,4,2.755310482872128,2.755310482872128,2.755310482872128
107,16,9,46,1.1880111810825356,0.3763740426557831,0.2364366049959981
108,9,16,47,0.2470647648182598,-0.0227067980776781,-0.0994132453874856
109,42,46,13,0.7028947305286141,0.6480173039953653,0.1154017112714093
110,16,13,46,-0.7431254586224968,-1.481116261259868,-1.4987876219853355
111,38,44,32,0.2924115800599119,-0.0191013246436096,-0.0434382703235718
112,9,42,38,1.884588648544576,-0.2300215205366188,-0.3233131456431418
113,31,10,3,1.013866814217026,0.3846056566357719,0.3563829801329572
114,6,12,19,0.982769605848184,0.9641112808268804,0.7402113805712233
115,44,5,47,1.635810981593848,1.215998668614493,1.1191189040807956
116,1,45,17,1.076061230954708,0.9641112808268804,0.8894779807416621
117,42,17,1,0.8497794168665443,0.7562042305894844,0.3357470446255231
118,10,6,26,1.076061230954708,0.8894779807416621,0.7028947305286141
119,12,42,31,1.635810981593848,1.215998668614493,0.9960969808634026
120,6,1,19,0.7339919388974561,0.4145387983811801,0.2924115800599119
121,16,4,44,0.7961863556351381,0.7961863556351381,0.4748485358237797
122,42,32,46,2.555399857643863,0.7961863556351381,0.4463427614856756
123,42,6,5,0.923402208053124,0.8894779807416621,0.7028947305286141
124,31,17,6,1.169352856061232,1.169352856061232,1.013866814217026
126,6,38,9,0.6282614304433957,0.3919226468402041,0.3347710206488198
128,17,1,16,0.9641112808268804,0.2924115800599119,0.2788418891353271
129,42,19,20,-0.8480785368673355,-1.0412530432020386,-1.1629377716018516
130,4,46,42,-0.0434382703235718,-0.2639457478480808,-0.4399276770262963
131,36,19,28,1.635810981593848,1.076061230954708,1.076061230954708
132,34,35,19,0.8894779807416621,0.828729945788577,0.769101690281632
133,42,9,38,1.076061230954708,0.7707431851515401,0.5163114803155681
134,47,20,16,0.2924115800599119,0.2364366049959981,0.1431449798894751
135,44,9,29,-0.3792881207070556,-0.7546992316620275,-0.7897712711757587
136,31,14,20,1.076061230954708,0.3919226468402041,0.3763740426557831
137,47,4,20,0.656248917975353,0.4463427614856756,0.2924115800599119
138,54,36,21,-0.0434382703235718,-0.4432595207800989,-0.6031880209627117
139,16,9,1,1.4119110813381928,0.9161327307720972,0.7961863556351381
140,9,1,16,1.589165169040587,1.355936106274278,1.355936106274278
142,17,1,28,-0.0864959434496593,-0.0994132453874856,-0.3233131456431418
143,4,28,16,0.4043615301877405,0.0685116798042557,0.0498533547829511
144,1,46,16,1.43226561772507,1.2183704895917766,0.8361684806807917
145,16,9,5,2.0836107821051604,0.5163114803155681,0.5163114803155681
146,46,13,44,1.2913495965851456,0.5823964729020392,0.5163114803155681
147,45,19,33,0.5163114803155681,0.5163114803155681,0.2924115800599119
149,4,42,31,0.2109934345124021,0.1431449798894751,-0.0434382703235718
150,42,4,16,-0.1553882204513994,-0.3233131456431418,-0.3487563161267378
151,4,9,1,0.0685116798042557,0.0456128263690181,-0.4166047707496658
152,38,44,46,1.9156858569134176,-0.0434382703235718,-0.1960972932251558
155,16,5,9,0.5163114803155681,0.1964544799503454,0.1912954960734881
156,16,31,9,0.9114289513549616,0.7402113805712233,0.5752325066986351
157,7,42,16,0.7961863556351381,0.7028947305286141,0.4189636975957172
159,6,40,19,0.5649853716754926,0.5163114803155681,0.3563829801329572
160,32,6,1,1.1880111810825356,1.169352856061232,1.156025481046013
162,4,17,35,2.435453482506904,2.195560732232988,2.055623294573203
163,47,31,32,1.573616564856166,1.449227731380802,1.4119110813381928
164,1,4,16,0.5163114803155681,0.3563829801329572,0.1804616299320843
165,17,6,45,1.076061230954708,0.8894779807416621,0.7028947305286141
166,16,26,45,1.126947571921902,0.7961863556351381,0.7402113805712233
167,31,4,9,0.0074480706436231,-0.2300215205366188,-0.635173720999234
168,46,9,13,2.4754356075525576,0.7650891472662961,-0.5564750921323948
169,1,10,4,2.755310482872128,2.755310482872128,2.55176511900335
170,40,4,9,1.9156858569134176,0.656248917975353,0.1989730390083387
171,42,6,7,0.1092207525780101,0.0685116798042557,-0.0434382703235718
172,1,32,45,1.0330035578286203,0.5163114803155681,0.5163114803155681
173,16,44,31,0.0365259797677335,-0.3792881207070556,-0.6031880209627117
174,6,16,9,1.262644481167754,0.8272835640039801,0.4070920167762236
175,28,6,16,1.076061230954708,0.9960969808634026,0.6480173039953653
176,46,13,31,-1.3782261372322904,-1.615016793388088,-1.7226875222409916
177,19,18,17,2.008977482019942,1.8393563454626256,1.635810981593848
178,31,9,47,0.8361684806807917,-0.2714844650284052,-0.3233131456431418
179,16,9,44,2.531410582616473,1.0431347750347588,0.9641112808268804
180,17,45,4,1.9156858569134176,1.9156858569134176,1.475882481411237
181,1,14,42,0.0685116798042557,-0.6031880209627117,-0.6831522710540172
182,45,31,4,0.2924115800599119,-0.1056326870612538,-0.2714844650284052
183,36,17,45,1.4119110813381928,0.949666125971676,0.7828589806199194
184,4,16,6,1.8597108818495032,1.355936106274278,1.355936106274278
185,31,1,10,0.2924115800599119,0.2231092299807805,-0.0434382703235718
186,17,1,36,2.09678136447314,2.0836107821051604,1.635810981593848
187,16,9,46,2.195560732232988,2.008977482019942,-0.7275768544380757
188,47,4,44,-0.621540471803339,-0.6301639125597791,-0.6605982517974952
189,4,16,36,2.008977482019942,1.635810981593848,1.4119110813381928
190,6,17,26,0.3563829801329572,0.2364366049959981,-0.3233131456431418
191,4,46,20,2.008977482019942,1.680590961644978,1.635810981593848
192,42,62,4,-0.8455538923734726,-0.8830628962822817,-1.4153739336547972
193,16,44,46,1.076061230954708,0.454117063577886,0.3225519512481712
194,5,28,9,0.2364366049959981,0.0685116798042557,0.0365259797677335
195,42,12,44,1.6719238687318558,1.635810981593848,1.1880111810825356
196,17,16,31,2.008977482019942,1.9156858569134176,1.475882481411237
197,47,4,45,-0.1234025204148792,-0.2300215205366188,-0.3544103540119828
198,4,16,9,0.7961863556351381,0.7028947305286141,0.6907789350602346
199,40,29,16,2.755310482872128,0.8894779807416621,0.8272835640039801
200,42,16,38,2.0836107821051604,1.8597108818495032,0.7961863556351381
201,17,47,9,0.8361684806807917,0.6096031054220921,0.4783623446790163
202,6,18,47,-0.2300215205366188,-0.6031880209627117,-0.6591629960266255
203,18,47,1,1.355936106274278,0.936123793294923,0.719856844184346
204,20,9,46,-0.6031880209627117,-1.1192073223331689,-1.1300113156819025
206,42,17,4,1.3937570353715176,1.377464942837323,1.262644481167754
207,20,16,9,0.8361684806807917,0.7961863556351381,0.6801406756245848
208,38,42,10,1.737583663528238,1.3745944312955836,1.355936106274278
209,17,1,42,1.1880111810825356,1.076061230954708,0.7374471842717725
210,16,17,47,0.5163114803155681,0.2924115800599119,-0.4166047707496658
211,9,20,16,0.4043615301877405,0.3297282301025211,0.2364366049959981
212,26,10,4,0.5163114803155681,-0.1833757079833568,-0.4216475612959635
213,1,17,10,0.6212645585604069,0.5163114803155681,0.3297282301025211
214,9,42,31,-0.3632952706887945,-0.4519043045737551,-0.6031880209627117
215,4,5,38,2.755310482872128,2.755310482872128,2.755310482872128
216,31,9,4,1.635810981593848,1.076061230954708,1.076061230954708
217,31,9,38,0.5163114803155681,0.0074480706436231,-0.0434382703235718
218,10,17,1,-0.0105118144036225,-0.0434382703235718,-0.1553882204513994
219,36,62,10,1.635810981593848,1.4119110813381928,0.954376502554896
220,36,17,35,1.5238610314660204,1.076061230954708,1.0060925121248154
221,9,4,16,0.4189636975957172,0.0498533547829511,-0.1134069891534643
222,45,7,35,0.4603365052516542,0.4145387983811801,0.2924115800599119
223,20,16,44,1.076061230954708,0.5163114803155681,0.2675338133648391
224,4,20,46,2.1155964821416826,1.9156858569134176,1.1133778809973172
225,9,1,16,-0.9465012013547176,-0.9763545213888056,-1.050987821474024
226,20,4,17,0.5163114803155681,-0.1833757079833568,-0.1833757079833568
227,46,9,42,1.4259048251041704,1.013866814217026,-0.0434382703235718
228,16,9,4,0.9641112808268804,0.7028947305286141,0.2924115800599119
229,31,32,16,0.8894779807416621,0.6885421728199183,0.6762399804981789
230,13,46,5,-0.5835113414767855,-1.050987821474024,-2.8421870235192714
231,10,1,17,0.0685116798042557,-0.0434382703235718,-0.1234025204148792
232,1,6,9,0.7746575190720932,0.6096031054220921,0.4955800080696744
233,12,17,36,0.923402208053124,0.855553753430198,0.6282614304433957
234,18,1,16,-0.1234025204148792,-0.2420591495826218,-0.2833310205974891
235,16,10,1,0.6762399804981789,0.5163114803155681,0.3297282301025211
236,45,19,3,1.475882481411237,1.3159539812286245,1.076061230954708
237,20,16,9,0.1964544799503454,0.0685116798042557,-0.5645845898841506
238,1,6,52,-0.734893844642509,-0.7431254586224968,-0.7897712711757587
240,6,47,19,0.936123793294923,0.8607728653242703,0.8361684806807917
241,31,7,6,0.7961863556351381,0.7961863556351381,0.5163114803155681
242,4,16,31,2.755310482872128,2.25775514897067,1.9156858569134176
243,16,46,9,1.2999611312103632,0.5821643921554667,-0.2143092468344664
244,6,9,17,1.9156858569134176,1.4722885825307277,0.8894779807416621
245,20,4,42,1.156025481046013,0.9081363057629656,0.8894779807416621
246,16,46,44,1.013866814217026,-0.7049607028971008,-0.9763545213888056
247,1,47,5,-0.6031880209627117,-0.9763545213888056,-1.4428126469214215
248,1,42,46,1.262644481167754,1.169352856061232,-0.0614947138925758
249,9,46,13,1.355936106274278,0.1431449798894751,-0.7557427685754281
250,9,47,17,1.8357216068221125,1.635810981593848,1.4119110813381928
251,46,13,42,-1.946587422496648,-2.171418023050278,-3.0660869237749275
252,9,16,4,2.195560732232988,2.195560732232988,2.195560732232988
253,16,9,38,0.0583344116108171,0.0311950297616465,-0.9763545213888056
254,3,16,4,0.1431449798894751,-0.2711330841428834,-0.3233131456431418
255,17,1,9,0.8681541807173139,0.3563829801329572,0.1922458352086973
256,16,5,46,1.355936106274278,0.9960969808634026,0.8698376386139723
257,16,38,42,0.5163114803155681,-0.1795936150736332,-0.6031880209627117
259,16,38,9,0.5163114803155681,0.1964544799503454,0.0964991673362131
260,36,12,6,0.5163114803155681,-0.8270879212183679,-1.015635205644183
261,40,16,36,1.635810981593848,1.215998668614493,1.013866814217026
262,44,4,9,0.7961863556351381,-0.0434382703235718,-0.1989243121677778
263,4,9,16,1.076061230954708,0.8188789130934815,0.5163114803155681
264,1,9,46,0.5163114803155681,0.3440807878112169,-0.1833757079833568
265,16,1,3,-1.5361042720279456,-1.7226875222409916,-1.9092707724540383
266,4,20,24,2.008977482019942,1.635810981593848,1.215998668614493
267,31,14,16,0.5163114803155681,-0.4166047707496658,-0.6031880209627117
268,17,16,38,1.8597108818495032,1.635810981593848,1.38703331464312
269,38,6,42,1.262644481167754,0.8361684806807917,0.3127661164467901
270,17,16,9,0.3763740426557831,0.0311950297616465,-0.021909433760528
271,9,46,42,0.5163114803155681,-0.0434382703235718,-0.2533444268132493
272,36,42,4,-0.2533444268132493,-0.7706017591675686,-0.8170250043529448
273,16,1,14,-0.0139777571320383,-1.2059954447279393,-1.2429020216931572
274,36,62,34,1.475882481411237,0.5163114803155681,0.5163114803155681
276,46,44,13,0.9960969808634026,0.4145387983811801,-0.4646719238516409
277,16,4,31,0.8216295261187361,0.7402113805712233,0.5163114803155681
278,9,42,46,0.8607728653242703,-0.1833757079833568,-0.3233131456431418
279,4,14,9,0.7961863556351381,0.2364366049959981,0.0421705150682963
280,16,45,1,0.2675338133648391,0.2364366049959981,0.0426770759286012
281,16,9,46,1.4119110813381928,-0.0943246112907668,-1.0230003339420668
282,28,42,5,2.1155964821416826,1.635810981593848,0.9641112808268804
283,36,7,1,2.195560732232988,0.8894779807416621,0.5696209803764384
284,16,31,4,0.9960969808634026,0.5163114803155681,0.1431449798894751
285,36,10,31,2.5687272326590818,1.849048981837329,1.635810981593848
286,16,9,42,0.8361684806807917,0.5163114803155681,0.5163114803155681
287,47,38,9,1.355936106274278,1.262644481167754,1.2497766708082338
288,6,28,1,0.5163114803155681,0.5163114803155681,0.4145387983811801
289,31,9,16,2.755310482872128,2.755310482872128,2.755310482872128
290,21,36,64,-0.4787991874873468,-0.4965690208409712,-0.6031880209627117
291,16,31,4,0.323294324922761,0.1964544799503454,-0.0434382703235718
292,17,45,38,-0.9763545213888056,-0.9763545213888056,-1.2594463492982553
293,6,7,36,0.3504597023484158,0.2924115800599119,0.2579654415590419
294,31,44,6,0.7961863556351381,0.7028947305286141,0.7028947305286141
295,47,1,7,1.049406480924273,0.857028719835047,0.7961863556351381
296,6,10,17,0.1964544799503454,-0.4166047707496658,-0.4853459681965766
297,26,20,16,0.2924115800599119,0.2579654415590419,-0.0943246112907668
298,9,46,13,0.7650891472662961,-0.6964796460692357,-1.355108541607375
299,17,6,7,0.7110070457552697,0.6930745594647693,0.6282614304433957
300,44,9,46,1.355936106274278,0.7402113805712233,0.5163114803155681
301,14,38,9,1.8597108818495032,1.7477609317216756,0.9641112808268804
302,36,32,19,1.9156858569134176,1.3159539812286245,1.262644481167754
303,9,46,31,0.6830454485910562,0.5593691534416556,0.3297282301025211
304,6,1,47,2.531410582616473,1.635810981593848,1.635810981593848
305,20,9,4,-0.0434382703235718,-1.5973035780978242,-1.838497815476676
306,17,1,16,0.923402208053124,0.5163114803155681,0.5163114803155681
307,18,12,17,0.8216295261187361,0.5163114803155681,0.4801985931775601
308,46,38,9,1.310794997351766,1.0548049113101845,-0.3233131456431418
309,38,4,9,2.195560732232988,1.076061230954708,0.457390453932501
310,28,35,10,2.195560732232988,2.195560732232988,1.635810981593848
311,17,45,6,0.9876796913801064,0.3440807878112169,0.3297282301025211
312,9,44,38,1.635810981593848,1.262644481167754,1.1880111810825356
313,44,16,31,-0.5373351091228132,-0.5498785209018405,-0.6031880209627117
314,16,46,5,0.7028947305286141,0.3030734800720859,-0.1553882204513994
316,1,29,46,0.7028947305286141,0.5163114803155681,0.1431449798894751
317,9,42,13,0.4121719918245651,-0.0864959434496593,-0.503698419037205
318,9,13,42,1.108987686874657,-0.0764779404186043,-0.3513006331750992
319,4,17,16,0.5163114803155681,0.4145387983811801,0.2364366049959981
320,38,17,9,1.475882481411237,1.4119110813381928,1.262644481167754
321,32,14,9,2.307510682360816,0.3563829801329572,0.2978725532368791
322,7,57,18,-1.0829735215105465,-1.1629377716018516,-1.4428126469214215
323,32,16,42,0.1092207525780101,0.0265304485063206,-0.0700930203540069
324,32,16,6,0.7961863556351381,0.7961863556351381,0.5163114803155681
325,16,4,32,0.3702898062357918,0.2242681321560165,-0.3544103540119828
326,9,20,16,-0.1117004350356606,-0.2833310205974891,-0.3397763736031164
327,31,1,16,1.635810981593848,1.542519356487324,1.355936106274278
328,9,32,4,0.6730414104945279,0.5163114803155681,0.5163114803155681
329,20,16,42,0.0365259797677335,0.0365259797677335,-0.1234025204148792
330,46,44,13,1.475882481411237,0.5163114803155681,-0.0243611799027862
331,31,16,46,0.5163114803155681,-0.2300215205366188,-0.3085828890473755
332,20,28,4,-0.0434382703235718,-0.2739234617632168,-0.7631165211453236
333,9,42,16,-0.0864959434496593,-0.3632952706887945,-0.3792881207070556
334,1,17,47,1.13825564769239,1.13825564769239,0.5163114803155681
335,4,31,1,1.355936106274278,0.4043615301877405,0.2924115800599119
336,6,26,16,1.0330035578286203,0.7961863556351381,0.7028947305286141
337,17,4,16,0.7650891472662961,0.7402113805712233,0.5163114803155681
338,26,6,42,0.0685116798042557,-0.2300215205366188,-0.6031880209627117
339,17,16,31,1.0387445809120988,0.8894779807416621,0.5163114803155681
340,17,1,6,0.7402113805712233,0.2528998329559737,-0.1553882204513994
341,29,39,18,0.5163114803155681,0.5163114803155681,0.5163114803155681
342,16,31,9,1.8597108818495032,0.2364366049959981,0.2109934345124021
343,17,14,38,1.822394231806894,1.4119110813381928,1.3159539812286245
344,3,26,28,0.2924115800599119,0.0685116798042557,0.0365259797677335
345,17,9,6,2.0836107821051604,1.7793365586808063,1.7757484192536328
346,1,16,4,0.6762399804981789,0.4043615301877405,0.2579654415590419
347,40,19,6,2.4754356075525576,2.055623294573203,2.042901709331404
348,42,45,16,0.0685116798042557,-0.0434382703235718,-0.1106082404002682
349,9,16,47,1.5014710414404553,1.449227731380802,1.355936106274278
350,31,47,36,2.307510682360816,1.262644481167754,1.076061230954708
351,9,31,16,1.3959182313199316,1.355936106274278,1.076061230954708
352,36,24,14,-0.4632505833029268,-0.6031880209627117,-0.7799511001119129
353,49,28,47,0.5163114803155681,0.2729420235159419,0.2217063484002278
354,16,6,9,0.1016820353976868,0.0187561464141101,-0.0434382703235718
355,1,19,6,1.215998668614493,0.9641112808268804,0.7402113805712233
356,16,9,1,1.5496956353416729,0.9300395568749328,-0.1234025204148792
357,28,16,42,1.1880111810825356,0.4145387983811801,0.3483865551238257
359,1,42,45,1.9156858569134176,1.262644481167754,0.7961863556351381
360,42,9,13,-0.7151379710905393,-0.7754187134670629,-2.626060108793236
361,29,4,42,1.8597108818495032,1.076061230954708,0.7961863556351381
362,16,9,6,1.1460299497846005,0.8745513207246179,0.7961863556351381
363,4,16,9,-0.9230450213279344,-1.2251321883395336,-1.2873266050772156
364,7,38,16,0.1431449798894751,0.1092207525780101,0.055341097436277
365,9,44,1,1.0030503939148203,0.9161327307720972,0.9114289513549616
366,38,42,44,0.7961863556351381,-0.4166047707496658,-0.7631165211453236
367,4,45,44,0.6442542804616568,0.3297282301025211,0.2806273747832989
368,31,14,42,0.5163114803155681,-0.7431254586224968,-0.9230450213279344
370,16,46,4,0.2675338133648391,0.0365259797677335,-0.1960972932251558
371,10,36,19,0.8521613306990529,0.6407003137909321,0.5163114803155681
372,1,17,12,1.5496956353416729,1.4119110813381928,0.7961863556351381
373,6,31,28,1.262644481167754,1.1880111810825356,0.9960969808634026
374,4,9,16,0.6655780804860049,0.1664678861661056,-0.3899500207192287
375,9,46,5,2.755310482872128,2.755310482872128,2.755310482872128
377,46,47,42,1.215998668614493,0.7402113805712233,0.5163114803155681
378,1,16,4,1.076061230954708,0.8607728653242703,0.5163114803155681
379,17,6,31,1.4635802890894978,1.3159539812286245,1.1880111810825356
380,16,9,13,-1.2748877217296792,-2.4223747105399167,-2.654065674223936
381,42,9,5,0.8148446806564437,-0.2857180131375282,-0.6031880209627117
382,46,9,42,1.076061230954708,0.9641112808268804,-0.0434382703235718
383,46,44,1,-0.1833757079833568,-0.5202621319791351,-0.6031880209627117
384,26,12,21,1.475882481411237,1.33049293579068,1.1880111810825356
385,16,44,17,0.5163114803155681,-0.1726112897018334,-0.2300215205366188
386,4,16,44,2.382143982446034,1.2233637969123765,0.8521613306990529
388,31,45,17,0.8894779807416621,0.8894779807416621,0.8361684806807917
389,36,11,6,1.635810981593848,1.13825564769239,0.5620053375105994
390,44,42,46,-0.1726112897018334,-0.2833310205974891,-0.3173583610618744
391,4,28,9,0.9641112808268804,0.2924115800599119,0.2038930148425602
392,28,47,17,0.9641112808268804,-0.3233131456431418,-0.6031880209627117
393,3,6,45,1.076061230954708,1.076061230954708,1.076061230954708
394,16,9,46,2.195560732232988,1.126947571921902,0.8785024954350122
395,46,16,9,1.076061230954708,0.9960969808634026,-0.0434382703235718
396,10,17,36,1.295093742074371,1.056759515415427,0.9641112808268804
397,1,4,44,1.9156858569134176,1.4119110813381928,0.7028947305286141
398,36,17,38,2.4754356075525576,1.43226561772507,0.982769605848184
399,6,31,1,1.355936106274278,0.9960969808634026,0.9057026111949696
400,6,38,46,-1.7226875222409916,-1.8626249599007767,-2.054742459060821
401,16,10,1,0.8894779807416621,0.7402113805712233,0.1964544799503454
403,6,36,33,0.3919226468402041,0.3919226468402041,-0.1553882204513994
406,32,6,4,1.635810981593848,1.635810981593848,1.207939444456077
407,36,17,10,0.5163114803155681,0.5163114803155681,0.3919226468402041
408,36,52,21,0.1964544799503454,0.0365259797677335,0.0187561464141101
409,16,45,1,1.449227731380802,1.0330035578286203,0.7402113805712233
410,35,18,19,1.2999611312103632,0.8361684806807917,0.3846056566357719
411,4,42,32,0.7028947305286141,0.3763740426557831,-0.3233131456431418
412,16,4,46,1.635810981593848,0.7961863556351381,0.6282614304433957
413,9,16,42,0.8361684806807917,0.6762399804981789,0.2924115800599119
415,17,16,31,2.195560732232988,1.1027159809851432,0.9641112808268804
417,16,46,13,1.635810981593848,0.9960969808634026,0.0445388696190241
418,44,38,47,1.5238610314660204,1.43226561772507,1.076061230954708
419,1,16,20,1.9156858569134176,0.8894779807416621,0.2364366049959981
420,17,1,46,2.0836107821051604,1.635810981593848,1.5215763386062684
421,17,9,16,0.3563829801329572,0.1092207525780101,-0.3448419822061845
422,32,9,4,1.635810981593848,0.7761952931123122,0.5163114803155681
424,20,31,16,-0.2833310205974891,-0.6031880209627117,-0.7242149940738769
425,4,20,46,-0.0434382703235718,-0.4432595207800989,-1.031932510813968
426,46,9,16,0.0343047505985311,-0.0167835202931367,-0.1422176380834197
427,1,42,17,0.5163114803155681,0.2364366049959981,0.1431449798894751
428,20,16,31,0.3563829801329572,-0.1506243927863863,-0.3996426570939338
429,42,9,13,0.3670448801451313,-0.4571663468829355,-1.6973490561626767
430,44,16,46,2.531410582616473,2.307510682360816,0.719856844184346
431,9,1,46,0.8894779807416621,-0.1553882204513994,-1.032763410988098
432,6,44,17,1.7957394817764587,0.8607728653242703,0.7650891472662961
433,16,1,46,0.1431449798894751,-0.4432595207800989,-1.0829735215105465
434,16,47,9,0.3127661164467901,0.2924115800599119,-0.0139777571320383
435,6,4,42,2.4754356075525576,1.1880111810825356,1.076061230954708
436,6,32,26,0.5163114803155681,0.454117063577886,0.1431449798894751
437,16,42,9,0.2364366049959981,-0.1234025204148792,-0.2922159372743008
438,36,19,26,1.156025481046013,1.076061230954708,0.0685116798042557
439,16,9,42,0.7961863556351381,0.2550949300173017,0.1718500953068668
440,6,20,16,1.076061230954708,0.8361684806807917,0.8251389289440597
441,1,4,17,-0.2300215205366188,-0.2833310205974891,-0.3544103540119828
442,16,1,9,0.7650891472662961,0.5163114803155681,0.4230198552090451
443,26,45,4,2.4754356075525576,2.008977482019942,1.7957394817764587
444,9,38,1,1.5238610314660204,1.355936106274278,1.262644481167754
445,42,4,9,0.3216159148758674,-0.2300215205366188,-0.5793688826376423
446,4,9,46,0.5163114803155681,0.0602190909058974,-0.0227067980776781
447,16,4,44,0.9960969808634026,0.5163114803155681,0.5163114803155681
448,19,20,17,0.7028947305286141,0.2924115800599119,0.2924115800599119
449,4,6,32,1.1880111810825356,0.5163114803155681,0.3952845072044029
450,1,45,26,2.144674391265796,1.635810981593848,1.1880111810825356
451,17,20,10,0.923402208053124,0.5163114803155681,0.398469427549434
453,38,16,44,-1.4028305218757688,-1.7226875222409916,-1.7226875222409916
454,1,9,44,1.156025481046013,0.3582644918998104,0.1431449798894751
456,16,46,1,0.6762399804981789,0.1688806006085142,-0.0434382703235718
457,16,20,9,0.7961863556351381,0.5163114803155681,-0.4166047707496658
458,9,46,13,0.4043615301877405,-1.610737572113164,-2.6339967211698365
459,36,29,4,0.5163114803155681,0.0685116798042557,0.0365259797677335
460,16,17,42,1.279606594823486,0.6480173039953653,0.6282614304433957
461,9,38,46,1.076061230954708,0.4043615301877405,0.3297282301025211
462,4,42,44,0.5163114803155681,-0.1553882204513994,-0.6031880209627117
463,16,31,42,1.13825564769239,0.8894779807416621,0.7402113805712233
464,1,20,42,-0.3792881207070556,-0.4432595207800989,-0.6031880209627117
465,1,16,38,1.5238610314660204,1.215998668614493,0.9161327307720972
466,39,3,14,-1.5361042720279456,-2.170487322752304,-2.282437272880132
467,36,45,3,-0.0434382703235718,-0.0763647262435211,-0.1553882204513994
468,60,66,19,1.076061230954708,0.8361684806807917,0.6180841622499581
470,14,16,32,-0.3233131456431418,-0.5545141296027863,-0.6031880209627117
471,14,38,16,0.9641112808268804,0.5163114803155681,0.4603365052516542
472,17,1,12,1.5238610314660204,1.0466007177631735,0.7961863556351381
473,20,31,36,-0.4166047707496658,-0.5124177911293382,-0.5285547208774933
475,4,16,9,1.635810981593848,1.43226561772507,0.8272835640039801
476,1,16,47,0.3297282301025211,0.2924115800599119,-0.3233131456431418
477,46,4,9,1.9156858569134176,1.076061230954708,-0.1907408362812414
478,4,42,16,1.9156858569134176,0.8894779807416621,0.6282614304433957
479,40,42,1,1.635810981593848,1.323392516120839,1.3159539812286245
480,16,9,29,-0.1678271037989358,-0.3168044276124546,-0.3233131456431418
481,60,6,54,1.4119110813381928,0.3382092869303871,0.2924115800599119
482,36,17,39,1.635810981593848,1.449227731380802,0.7961863556351381
483,16,44,46,2.055623294573203,1.822394231806894,1.310794997351766
484,4,16,46,1.3159539812286245,0.951672397479344,0.4748485358237797
485,36,8,49,0.8177151921981828,0.5163114803155681,0.5163114803155681
486,6,17,9,2.008977482019942,1.8597108818495032,1.737583663528238
487,16,17,46,-1.0102787487002678,-1.050987821474024,-1.1120514306346567
488,6,10,32,0.936123793294923,0.7961863556351381,0.7650891472662961
489,4,17,46,0.3118811366038819,0.2675338133648391,0.2217063484002278
490,4,32,6,0.8894779807416621,0.5163114803155681,0.5163114803155681
491,45,1,42,1.076061230954708,0.6282614304433957,0.1778581427198094
492,42,20,16,0.7028947305286141,-0.0434382703235718,-0.0434382703235718
493,6,36,38,1.495873543934063,1.475882481411237,0.0074480706436231
494,29,20,32,0.7402113805712233,0.5163114803155681,0.2924115800599119
495,1,16,44,1.9156858569134176,1.1880111810825356,1.076061230954708
496,20,29,4,0.0365259797677335,-0.8830628962822817,-1.1316474128704717
497,32,16,20,-0.2300215205366188,-0.4487742966484659,-0.6031880209627117
498,42,6,12,1.955667981959072,1.635810981593848,1.635810981593848
499,16,17,4,1.262644481167754,0.8894779807416621,0.8361684806807917
500,9,44,42,0.6407003137909321,0.1964544799503454,0.0365259797677335
501,40,4,20,1.9156858569134176,0.6762399804981789,0.3563829801329572
502,16,46,5,2.382143982446034,1.262644481167754,0.5163114803155681
503,19,32,28,0.1431449798894751,-0.0434382703235718,-0.3233131456431418
504,16,13,9,1.013866814217026,0.6006487753337417,0.5785058970532501
505,47,19,4,2.2250212454245224,1.635810981593848,1.2859673874443855
506,19,1,17,-0.0434382703235718,-0.2113631955153142,-0.2300215205366188
507,9,44,42,0.6096031054220921,0.0685116798042557,-0.1234025204148792
508,12,4,16,2.1155964821416826,1.3959182313199316,1.0536712409291429
509,16,44,13,-0.0434382703235718,-0.6031880209627117,-0.615777548226222
510,14,32,5,1.076061230954708,0.8894779807416621,0.8894779807416621
511,16,1,9,1.7477609317216756,1.076061230954708,1.029415418401447
512,16,46,5,0.7402113805712233,0.4732538071894805,0.2364366049959981
513,38,4,9,-0.6640303851626178,-1.1629377716018516,-1.3782261372322904
514,32,9,5,2.755310482872128,2.755310482872128,2.755310482872128
515,36,21,52,0.8894779807416621,0.1431449798894751,-0.0434382703235718
516,16,32,6,-0.2978699751595458,-0.3233131456431418,-0.3792881207070556
517,31,4,16,0.5163114803155681,0.0498533547829511,0.0265304485063206
518,1,42,4,1.1880111810825356,0.7402113805712233,0.5163114803155681
519,10,9,42,0.3297282301025211,0.3089967578566284,0.2924115800599119
520,31,10,46,-0.897793152878049,-0.9925791518421132,-1.077073246746527
521,16,9,10,2.307510682360816,1.7331587643136988,1.076061230954708
522,5,42,46,0.7961863556351381,0.5163114803155681,0.2675338133648391
523,17,16,9,0.5163114803155681,0.1804616299320843,-0.2033667705061826
524,36,20,8,0.4043615301877405,0.3297282301025211,0.2364366049959981
525,4,44,35,2.195560732232988,1.822394231806894,1.822394231806894
526,17,12,26,0.5163114803155681,-0.3233131456431418,-0.3233131456431418
527,16,9,46,2.2755249823242933,2.0836107821051604,1.4590479024446468
528,19,17,9,1.076061230954708,0.7402113805712233,0.4630019802546968
529,36,17,1,1.7957394817764587,1.495873543934063,1.0330035578286203
530,21,7,1,1.449227731380802,1.355936106274278,1.2052342503329725
531,31,6,28,0.7961863556351381,0.656248917975353,0.5163114803155681
532,9,5,1,0.1431449798894751,0.0857347490546917,0.0685116798042557
533,38,27,36,0.5163114803155681,0.5163114803155681,0.4230198552090451
534,29,26,45,-0.1553882204513994,-0.2300215205366188,-0.2833310205974891
535,1,16,17,0.8894779807416621,0.7650891472662961,0.2177782799746915
537,4,6,16,1.1880111810825356,0.2579654415590419,0.1395568404623006
538,17,14,36,0.4630019802546968,0.2924115800599119,0.2364366049959981
539,9,16,47,0.8656588424165925,0.2364366049959981,-0.1553882204513994
540,47,4,1,1.635810981593848,1.4119110813381928,1.076061230954708
541,38,5,9,-0.6031880209627117,-1.1629377716018516,-1.7226875222409916
542,16,9,42,-0.1553882204513994,-0.8519656879134407,-1.562759022058379
543,9,31,5,0.5163114803155681,0.3763740426557831,-0.7275768544380757
544,4,42,16,1.076061230954708,0.656248917975353,0.6282614304433957
545,16,6,45,0.5163114803155681,0.5163114803155681,0.5163114803155681
546,9,47,42,-0.1500572704453114,-0.2080705499233193,-0.2126649391214526
547,4,17,44,0.7961863556351381,0.7402113805712233,0.7028947305286141
548,4,31,6,0.7746575190720932,0.5163114803155681,0.5163114803155681
549,16,6,17,-0.0434382703235718,-0.2300215205366188,-0.3233131456431418
550,9,44,47,0.6407003137909321,0.0685116798042557,-0.2300215205366188
551,16,1,6,1.1460299497846005,1.013866814217026,0.7961863556351381
552,4,1,31,1.076061230954708,0.7961863556351381,0.7028947305286141
553,19,28,12,2.195560732232988,2.1155964821416826,1.737583663528238
554,31,16,42,0.1431449798894751,0.0809505631517921,-0.0434382703235718
556,16,1,17,1.076061230954708,1.025174889987516,0.8361684806807917
557,38,16,42,0.5163114803155681,-0.2033667705061826,-0.3448419822061845
558,46,1,9,1.1339663775725493,0.6762399804981789,0.2540863719080398
559,31,14,1,0.5163114803155681,0.2364366049959981,-0.1553882204513994
560,9,46,42,-1.0102787487002678,-1.3495210218148987,-1.6312998078509278
561,40,29,42,-0.8830628962822817,-1.1629377716018516,-1.4760181406034043
562,16,19,1,-0.4787991874873468,-0.6031880209627117,-0.8130941774523892
563,9,16,4,0.7537810714958101,0.668970503217152,0.1804616299320843
564,46,4,44,-0.1282488386022298,-0.3233131456431418,-0.4432595207800989
565,16,12,4,0.2996341574875141,0.1164902298590409,0.0685116798042557
566,42,20,6,0.4333855913319914,0.3563829801329572,-0.0434382703235718
567,4,17,1,1.635810981593848,1.5238610314660204,1.495873543934063
568,16,13,1,0.1964544799503454,-0.8651698101641426,-1.4428126469214215
569,46,42,9,-0.8519656879134407,-1.2429020216931572,-1.3495210218148987
570,40,16,46,1.9156858569134176,1.262644481167754,0.6809437599153145
571,31,1,16,-1.003009271419239,-1.2138241125690468,-1.3080580773231103
572,28,6,31,0.5163114803155681,0.3563829801329572,0.1964544799503454
573,16,1,4,0.7562042305894844,0.6096031054220921,0.2924115800599119
574,16,42,5,0.5163114803155681,-0.0434382703235718,-0.0434382703235718
575,1,16,42,1.013866814217026,0.982769605848184,0.7961863556351381
576,16,42,9,1.3159539812286245,0.7402113805712233,0.5502357076270321
577,16,9,38,0.3187527447958713,0.2164455424731722,-0.0434382703235718
578,6,1,36,1.076061230954708,0.5163114803155681,0.5163114803155681
579,42,46,9,1.9156858569134176,1.2327911611336675,1.16634344879973
580,9,16,5,0.5163114803155681,0.5163114803155681,0.4043615301877405
581,17,4,19,0.5163114803155681,-0.2611187289054598,-0.3792881207070556
582,36,1,6,1.7757484192536328,1.3372777812529724,1.076061230954708
583,16,45,19,0.982769605848184,0.936123793294923,0.7402113805712233
584,6,9,38,0.7961863556351381,0.2364366049959981,-0.3792881207070556
585,4,46,16,-0.0943246112907668,-0.2156689628279229,-0.6964796460692357
586,16,31,9,0.982769605848184,0.7961863556351381,0.7281086832601078
587,32,36,19,0.2924115800599119,0.2924115800599119,0.2109934345124021
588,6,28,1,1.635810981593848,1.076061230954708,0.8894779807416621
589,16,9,38,1.635810981593848,0.8793923996490645,0.7961863556351381
590,47,44,38,1.355936106274278,1.029415418401447,0.6282614304433957
591,29,31,45,-0.267338170579228,-0.6031880209627117,-0.6031880209627117
592,47,29,3,0.7961863556351381,0.0685116798042557,-0.2300215205366188
593,10,16,36,0.5821643921554667,0.552424367453576,0.5163114803155681
594,1,16,14,0.7961863556351381,0.7961863556351381,0.7028947305286141
595,17,6,32,2.144674391265796,1.262644481167754,0.9641112808268804
596,28,32,26,0.2364366049959981,-0.1960972932251558,-0.7897712711757587
597,17,32,6,2.008977482019942,1.449227731380802,1.43226561772507
598,17,16,4,2.195560732232988,1.9156858569134176,1.8597108818495032
599,36,52,1,0.719856844184346,0.3563829801329572,0.1371261653664731
600,9,13,38,0.5649853716754926,0.2115383459066132,0.0476837821060557
601,10,31,17,1.33049293579068,1.13825564769239,1.0004193727602286
602,4,16,47,1.3159539812286245,0.7028947305286141,0.3297282301025211
603,4,31,17,2.755310482872128,1.635810981593848,0.9641112808268804
604,38,1,47,0.5163114803155681,-0.3792881207070556,-0.3792881207070556
605,16,31,9,1.635810981593848,1.076061230954708,1.076061230954708
606,20,44,6,0.1431449798894751,0.0365259797677335,-0.3233131456431418
607,42,4,17,1.4678860564021057,0.5163114803155681,0.0685116798042557
608,6,20,1,0.5163114803155681,0.2364366049959981,-0.0227067980776781
609,16,46,5,0.5163114803155681,0.0125367047403419,-0.0434382703235718
610,6,31,1,1.635810981593848,0.5163114803155681,-0.0434382703235718
611,9,16,38,0.4279299407409675,-0.468848080809318,-0.6800164181092602
612,16,9,46,0.8894779807416621,0.6655780804860049,0.5821643921554667
613,3,1,19,1.635810981593848,1.3332435488159349,1.2999611312103632
614,16,47,5,2.307510682360816,1.635810981593848,1.215998668614493
615,6,31,33,1.076061230954708,0.9641112808268804,0.7961863556351381
616,46,16,42,-0.4432595207800989,-0.4787991874873468,-1.2251321883395336
617,29,36,21,1.122707043507969,0.9641112808268804,0.7961863556351381
618,45,1,46,1.076061230954708,-0.1056326870612538,-0.453921420792275
619,16,46,9,1.3159539812286245,0.7295494805590492,0.5785058970532501
620,1,44,16,0.1431449798894751,0.0187561464141101,-0.0434382703235718
621,4,6,31,1.635810981593848,1.1880111810825356,0.9960969808634026
622,9,4,1,1.4885084156361794,1.13825564769239,1.076061230954708
623,7,31,45,1.635810981593848,0.936123793294923,0.936123793294923
624,36,6,1,1.9156858569134176,1.635810981593848,1.2913495965851456
625,46,5,38,0.3483865551238257,-0.1553882204513994,-0.6031880209627117
626,31,38,16,1.262644481167754,1.076061230954708,0.6282614304433957
627,4,29,24,0.9114289513549616,0.8894779807416621,0.7961863556351381
628,4,42,16,0.5163114803155681,0.3297282301025211,0.1964544799503454
629,29,4,44,0.7961863556351381,0.6655780804860049,0.0685116798042557
630,42,1,17,1.262644481167754,1.2052342503329725,0.8894779807416621
631,17,1,38,2.5687272326590818,1.989337139892252,1.989337139892252
632,57,20,6,1.076061230954708,0.719856844184346,0.5163114803155681
633,4,16,46,0.5163114803155681,0.3064053238258906,0.1309100126623885
634,14,36,20,1.449227731380802,1.076061230954708,0.7402113805712233
635,28,3,19,1.635810981593848,0.7402113805712233,0.5163114803155681
636,32,1,6,0.9960969808634026,0.6407003137909321,0.5163114803155681
637,14,6,4,0.5163114803155681,0.4043615301877405,0.2675338133648391
638,16,46,5,1.076061230954708,1.0536712409291429,0.2364366049959981
639,1,17,4,0.923402208053124,0.7746575190720932,0.5163114803155681
640,36,1,6,-0.1553882204513994,-0.2714844650284052,-0.3085828890473755
641,47,9,42,0.7402113805712233,0.5671978212827621,0.5163114803155681
642,47,16,44,0.6407003137909321,0.2924115800599119,0.1431449798894751
643,1,4,9,1.9156858569134176,1.9156858569134176,1.69800539833153
644,29,6,31,0.5163114803155681,0.2177782799746915,0.0074480706436231
645,1,47,44,2.307510682360816,1.013866814217026,0.87251586708593
647,9,46,13,0.6180841622499581,0.4363472302242607,-0.0972484673463388
648,16,16,4,0.8894779807416621,0.8894779807416621,0.7650891472662961
650,17,47,1,1.262644481167754,0.9876796913801064,0.9468882115764454
651,6,10,4,0.6762399804981789,0.2924115800599119,-0.0003805971974843
652,4,9,1,1.4119110813381928,0.9267946307842712,0.7961863556351381
653,4,17,16,1.635810981593848,1.355936106274278,0.5163114803155681
654,31,20,9,0.5163114803155681,0.0685116798042557,-0.1553882204513994
655,31,41,45,-0.2300215205366188,-0.3233131456431418,-0.4432595207800989
656,1,31,44,2.008977482019942,1.8597108818495032,1.8597108818495032
657,42,6,9,1.1880111810825356,1.076061230954708,1.0382403018574684
658,29,31,18,0.656248917975353,0.5163114803155681,0.3919226468402041
659,7,40,22,1.076061230954708,1.076061230954708,1.076061230954708
660,45,17,14,0.6180841622499581,0.5610914603666983,0.4043615301877405
661,56,6,14,-0.3792881207070556,-0.8576197257986857,-0.8830628962822817
662,35,5,46,-0.0434382703235718,-0.1337204881685918,-0.2857180131375282
663,44,47,4,0.5163114803155681,0.0685116798042557,-0.3792881207070556
664,46,38,13,1.076061230954708,1.076061230954708,-0.5640277426994619
665,14,31,19,1.1880111810825356,0.6024268265677432,0.3563829801329572
666,9,4,46,1.1880111810825356,0.5163114803155681,-0.3277556039815477
667,32,12,6,2.195560732232988,1.449227731380802,1.38703331464312
668,45,16,9,1.635810981593848,1.33049293579068,0.9787134482348572
669,16,9,17,0.1431449798894751,-0.1367298954300948,-0.6031880209627117
670,18,1,45,1.1880111810825356,0.8148446806564437,0.2579654415590419
671,1,31,16,1.635810981593848,0.0365259797677335,-0.1106082404002682
672,16,31,32,0.8894779807416621,0.3297282301025211,0.2924115800599119
673,4,9,38,2.0836107821051604,0.975593326993837,0.8361684806807917
674,16,5,9,0.7650891472662961,0.3297282301025211,0.2748508035692723
675,16,9,14,1.822394231806894,1.475882481411237,1.1880111810825356
676,9,16,17,1.7331587643136988,1.5699580697539492,1.262644481167754
677,16,9,5,2.008977482019942,0.6282614304433957,0.3763740426557831
678,16,17,44,2.1155964821416826,1.8597108818495032,1.076061230954708
679,38,4,1,0.6762399804981789,0.3563829801329572,0.3297282301025211
680,1,44,16,0.5752325066986351,0.4676375889556416,0.1964544799503454
681,6,4,9,1.1880111810825356,0.4416781802303496,0.3440807878112169
682,31,38,16,-0.3233131456431418,-0.5545141296027863,-0.6540743619299068
683,17,16,1,1.635810981593848,0.8894779807416621,0.8361684806807917
684,17,1,4,1.635810981593848,0.936123793294923,0.7746575190720932
685,31,6,10,1.475882481411237,1.262644481167754,1.076061230954708
686,9,16,46,0.7315998459460058,0.3763740426557831,0.062460331148699
687,31,26,1,0.5163114803155681,0.5163114803155681,0.0685116798042557
688,1,17,9,1.635810981593848,1.169352856061232,1.0312812509035778
689,9,47,1,1.274682110213758,1.1055217441462426,0.9641112808268804
690,12,4,17,0.7028947305286141,0.1287924221807792,-0.3233131456431418
691,42,16,5,0.6885421728199183,0.2364366049959981,0.0365259797677335
692,42,9,16,0.2074840316870774,0.1903812457661967,0.1269203494361666
693,10,45,6,0.5482971803520903,0.5163114803155681,0.3153756723938252
696,10,47,17,2.755310482872128,2.2497300629400017,2.1155964821416826
697,46,20,41,1.0609328593158118,0.9641112808268804,0.7961863556351381
698,46,5,13,-0.3792881207070556,-0.6031880209627117,-0.849890720542034
699,28,20,16,-0.2833310205974891,-0.4432595207800989,-0.6031880209627117
700,57,18,8,0.2364366049959981,-0.0434382703235718,-0.080754920366182
701,9,47,16,1.417372054515159,1.306546422394353,1.2439861561464505
702,6,7,26,-0.3233131456431418,-0.6031880209627117,-0.6031880209627117
703,4,16,47,0.656248917975353,0.1804616299320843,0.1804616299320843
704,38,17,16,0.3440807878112169,0.2364366049959981,0.1870469211160731
705,36,12,6,1.9156858569134176,1.4119110813381928,0.97728186319486
706,6,17,12,1.9156858569134176,1.43226561772507,1.076061230954708
707,4,6,36,2.195560732232988,2.195560732232988,1.9156858569134176
708,16,9,5,0.5163114803155681,0.0365259797677335,-0.8270879212183679
709,20,16,4,1.355936106274278,1.2913495965851456,0.8894779807416621
710,16,1,9,0.8148446806564437,0.7961863556351381,0.7819554297714304
711,44,20,16,1.635810981593848,0.5163114803155681,0.3763740426557831
712,42,28,6,0.0685116798042557,-0.1553882204513994,-0.2587266359540105
713,1,29,47,2.307510682360816,2.195560732232988,1.635810981593848
714,19,6,17,1.262644481167754,1.2406935105544543,1.0967927032006046
715,44,45,9,0.1431449798894751,0.0365259797677335,-0.3233131456431418
716,36,40,17,2.382143982446034,1.635810981593848,1.5238610314660204
717,9,46,5,0.8894779807416621,0.5163114803155681,-0.0434382703235718
718,14,16,1,1.355936106274278,0.6762399804981789,0.5163114803155681
719,16,46,5,-0.4787991874873468,-0.6283453131262682,-0.6292228930854625
720,21,36,3,0.7961863556351381,0.656248917975353,0.2924115800599119
721,5,46,1,0.5163114803155681,0.3127661164467901,0.0685116798042557
722,11,14,36,1.076061230954708,0.8216295261187361,0.5163114803155681
723,38,46,13,-0.8184763865931505,-0.8830628962822817,-1.4215580630534488
724,16,4,14,1.1460299497846005,1.013866814217026,0.5163114803155681
725,17,6,47,1.5238610314660204,0.8894779807416621,0.8698376386139723
726,42,20,32,0.923402208053124,0.8361684806807917,0.5163114803155681
727,58,26,57,-0.1960972932251558,-0.6031880209627117,-0.6671594210357561
728,16,44,10,0.5163114803155681,0.0365259797677335,0.0365259797677335
729,18,36,39,0.3382092869303871,0.2924115800599119,0.2364366049959981
730,17,9,44,0.8521613306990529,0.809950693765609,0.2924115800599119
731,45,42,14,0.6762399804981789,0.6301588872252254,0.2364366049959981
732,17,4,14,2.382143982446034,2.307510682360816,1.635810981593848
733,4,38,9,0.7961863556351381,-1.003009271419239,-1.033764752223589
734,9,14,7,-0.5044086532028629,-1.0102787487002678,-1.1007433548641696
735,42,1,9,0.7961863556351381,-0.1553882204513994,-0.1553882204513994
736,16,46,9,0.5163114803155681,0.1211940092761756,-0.505840238242861
737,1,3,17,2.133366315495306,1.4119110813381928,1.156025481046013
738,20,4,9,0.9641112808268804,0.5163114803155681,0.2284401799868665
739,17,45,43,0.3563829801329572,0.3440807878112169,0.3297282301025211
740,32,31,1,-0.2300215205366188,-0.6031880209627117,-0.9230450213279344
741,6,19,1,0.5163114803155681,0.1431449798894751,-0.0943246112907668
742,16,42,46,1.1880111810825356,0.1627853220171648,-0.0003805971974843
743,20,6,45,0.7961863556351381,0.5163114803155681,0.5163114803155681
744,17,42,46,2.008977482019942,1.7884700044954318,1.3223511212359302
746,19,12,17,1.262644481167754,0.9641112808268804,0.6058714404178306
747,1,44,16,1.355936106274278,1.215998668614493,0.5163114803155681
748,1,45,17,0.3563829801329572,0.1964544799503454,0.1431449798894751
749,17,44,4,2.195560732232988,1.5238610314660204,1.483151958692264
750,38,4,47,1.38703331464312,1.262644481167754,1.262644481167754
751,16,31,26,0.0857347490546917,-0.3233131456431418,-0.3233131456431418
752,31,32,1,0.430196134063393,0.3563829801329572,0.2364366049959981
753,32,44,31,0.5163114803155681,0.457390453932501,0.3563829801329572
754,16,31,9,1.355936106274278,0.5163114803155681,0.5163114803155681
755,44,46,9,0.5163114803155681,0.0365259797677335,-0.2300215205366188
756,32,31,20,0.7402113805712233,0.6762399804981789,0.5163114803155681
757,9,17,46,1.5238610314660204,1.126947571921902,0.574467298563791
758,9,46,13,-0.0434382703235718,-0.267338170579228,-1.9632626672014903
759,32,18,17,1.076061230954708,0.7028947305286141,0.656248917975353
760,31,1,16,0.2364366049959981,0.2053393966271571,0.1804616299320843
761,41,7,36,1.9156858569134176,1.822394231806894,1.635810981593848
762,28,9,1,-0.6031880209627117,-0.7397123503868923,-1.7226875222409916
763,36,1,29,1.635810981593848,0.482387253004105,0.3563829801329572
764,16,42,1,0.2177782799746915,-0.1553882204513994,-0.2587266359540105
765,6,1,31,1.076061230954708,0.1870469211160731,-0.1553882204513994
766,4,16,9,1.1880111810825356,0.97728186319486,-0.3173583610618744
767,31,16,39,1.262644481167754,0.9088632534910684,0.6762399804981789
768,20,1,31,1.635810981593848,1.4635802890894978,1.38703331464312
769,16,26,47,-0.0641697425694655,-0.8270879212183679,-0.8830628962822817
770,45,1,17,-0.2833310205974891,-0.3792881207070556,-0.7631165211453236
771,16,9,42,1.635810981593848,1.0060925121248154,0.8607728653242703
772,32,1,9,1.262644481167754,0.7262176368052455,0.5785058970532501
773,4,20,31,1.2052342503329725,0.5163114803155681,0.5163114803155681
774,24,12,4,1.38703331464312,1.076061230954708,1.0330035578286203
775,10,1,5,1.228720253856292,0.7746575190720932,0.4416781802303496
776,31,44,9,1.635810981593848,1.355936106274278,0.6623331543953433
777,4,9,17,-0.2013164051192271,-0.7064751773306487,-0.9763545213888056
778,40,29,45,1.635810981593848,0.2364366049959981,-0.1234025204148792
779,22,12,17,1.635810981593848,0.7650891472662961,0.5163114803155681
780,42,9,13,0.3861371197018143,-0.5003768422738897,-1.081761941963708
781,42,3,9,-0.7631165211453236,-1.4428126469214215,-1.7735738632081866
782,42,16,9,0.5163114803155681,-0.2300215205366188,-0.5170726747105368
783,1,9,16,1.076061230954708,1.0040142333476905,0.9287586649970394
784,17,38,46,1.8597108818495032,1.635810981593848,1.2052342503329725
785,16,44,46,1.108987686874657,0.9641112808268804,0.936123793294923
786,42,16,29,-0.1234025204148792,-0.1553882204513994,-0.2833310205974891
787,12,45,19,1.076061230954708,0.7961863556351381,0.5163114803155681
788,9,42,46,1.162176577206883,1.156025481046013,0.7402113805712233
789,36,41,47,1.1880111810825356,1.1880111810825356,0.9427874808025324
790,4,42,32,2.382143982446034,1.2406935105544543,1.076061230954708
791,38,18,12,-0.5888354632540159,-0.6031880209627117,-0.6653824377003937
792,16,32,13,0.2924115800599119,-0.3448419822061845,-0.7003792959933023
794,45,17,38,1.9156858569134176,1.013866814217026,0.9409492221797424
795,47,5,4,0.656248917975353,0.4230198552090451,0.2364366049959981
796,47,16,38,0.7650891472662961,0.4801985931775601,0.0685116798042557
797,4,47,38,0.4934645517180523,0.1964544799503454,0.18519190951495
798,26,3,36,-0.1234025204148792,-0.1833757079833568,-0.4166047707496658
799,9,42,17,0.3080325033335621,0.1092207525780101,0.0685116798042557
800,9,46,42,0.696875916005614,-0.0434382703235718,-0.6251389915760113
802,18,44,10,0.656248917975353,0.6229304804373106,0.5163114803155681
803,44,17,36,2.55176511900335,2.4754356075525576,2.4567772825312524
804,47,4,9,0.2109934345124021,0.132483079877301,0.0657811932157726
805,42,9,14,0.1431449798894751,-0.1056326870612538,-0.3792881207070556
806,47,44,16,0.923402208053124,0.6024268265677432,0.5163114803155681
807,16,38,4,2.4754356075525576,1.377464942837323,1.1880111810825356
808,18,47,32,-0.1833757079833568,-0.2659893759993762,-0.3487563161267378
809,9,20,16,0.5821643921554667,0.5163114803155681,0.3846056566357719
810,19,17,36,1.511422148118484,0.9561148558177488,0.8894779807416621
811,29,42,38,0.7028947305286141,0.2675338133648391,0.2675338133648391
812,42,13,46,1.635810981593848,0.8736389951548151,0.5163114803155681
813,16,9,46,1.635810981593848,1.215998668614493,0.6180841622499581
814,60,19,17,-0.0434382703235718,-0.2300215205366188,-0.2513453205609669
815,1,16,17,0.8148446806564437,0.2675338133648391,-0.0434382703235718
816,1,42,17,1.635810981593848,1.0387445809120988,0.5163114803155681
817,19,16,31,1.355936106274278,0.5862801991454606,0.5163114803155681
818,19,10,17,2.755310482872128,2.531410582616473,2.4754356075525576
819,1,42,14,0.5163114803155681,0.2924115800599119,0.2364366049959981
820,42,16,31,-1.2002544216444608,-1.3495210218148987,-2.002562397560561
821,31,42,16,1.076061230954708,0.7028947305286141,0.6180841622499581
822,28,44,17,1.8597108818495032,1.5041051579140527,1.1880111810825356
823,9,46,13,-0.080754920366182,-0.1056326870612538,-1.003733585278763
824,36,7,17,0.8361684806807917,0.6762399804981789,0.430196134063393
826,7,4,6,0.7961863556351381,0.7746575190720932,0.7402113805712233
827,4,14,9,0.2924115800599119,-0.0434382703235718,-0.2482247644598422
828,4,16,46,1.355936106274278,0.2364366049959981,-0.0154507827916144
829,20,4,45,0.5163114803155681,0.2109934345124021,0.1964544799503454
830,14,1,42,0.2364366049959981,-0.0434382703235718,-0.5886490664006561
831,31,16,3,0.0685116798042557,-0.1367298954300948,-0.4432595207800989
832,16,46,26,-0.0943246112907668,-0.6298427709931469,-0.8830628962822817
834,9,40,46,0.0857347490546917,-0.0434382703235718,-0.6031880209627117
835,20,31,4,1.355936106274278,0.6762399804981789,0.6180841622499581
836,38,17,9,1.38703331464312,1.076061230954708,0.923402208053124
837,36,40,17,0.2675338133648391,0.2364366049959981,0.0964991673362131
838,16,32,42,1.449227731380802,1.156025481046013,0.8894779807416621
839,36,24,12,0.7028947305286141,0.3563829801329572,0.1804616299320843
840,1,46,16,2.630921649396764,2.195560732232988,1.635810981593848
841,4,1,16,0.7961863556351381,0.4363472302242607,-0.0434382703235718
842,6,40,47,1.215998668614493,1.076061230954708,0.936123793294923
843,40,9,16,1.076061230954708,-0.2171537101770987,-0.3792881207070556
844,3,16,20,0.5163114803155681,0.4890066144307329,0.0498533547829511
845,46,4,29,-0.3397763736031164,-0.4047957042804849,-0.9141601046511229
846,4,16,31,0.9641112808268804,-0.267338170579228,-0.6031880209627117
847,36,8,24,1.9716608319773328,1.8597108818495032,1.635810981593848
848,33,19,3,0.7961863556351381,0.7402113805712233,0.5163114803155681
849,6,1,3,-0.2300215205366188,-1.4682558174050178,-1.5361042720279456
850,4,16,46,1.3159539812286245,1.13825564769239,0.9507441226026616
851,13,46,42,-1.116626228715095,-1.4028305218757688,-1.586163192816811
852,10,36,6,0.5163114803155681,-0.0434382703235718,-0.1553882204513994
853,10,26,1,-1.0664291939054482,-1.1007433548641696,-1.2901536240198377
854,17,1,46,1.4119110813381928,0.9641112808268804,0.4126541190860987
855,1,9,42,0.5163114803155681,0.1431449798894751,-0.080754920366182
856,20,9,4,-0.4166047707496658,-0.4364540526872236,-0.4725797458135786
857,6,28,36,0.2364366049959981,-0.3046548206218382,-0.3233131456431418
858,20,40,6,1.076061230954708,0.9641112808268804,0.8607728653242703
859,42,16,46,1.076061230954708,0.1964544799503454,-0.267338170579228
860,16,9,42,1.822394231806894,1.475882481411237,-0.2766673330898798
861,4,44,16,1.635810981593848,0.7028947305286141,0.3763740426557831
862,47,16,9,1.076061230954708,1.0330035578286203,0.7961863556351381
863,62,28,66,0.1092207525780101,-0.0434382703235718,-0.4166047707496658
864,16,46,13,1.8597108818495032,0.4043615301877405,-0.8381016772085278
865,20,6,39,0.2364366049959981,0.0365259797677335,-0.0434382703235718
866,16,20,17,1.5611776815086296,1.355936106274278,1.262644481167754
867,9,42,13,-0.2080705499233193,-0.9530316151121744,-1.4386011234898006
868,16,45,46,0.2924115800599119,-0.3233131456431418,-0.3871442575581312
