cast_id,cast_name
1,Maya Rudolph
2,Kurt Russell
3,Harumi Sone
4,Jofre Soares
5,Daniel Brühl
6,Joe Chrest
7,Ikue Otani
8,Chishū Ryū
9,Joan Cusack
10,Toshio Furukawa
11,Bela Lugosi
12,Chevy Chase
13,Ching Miao
14,Michael Shannon
15,Moe Howard
16,Aubrey Plaza
17,Sylvester Stallone
18,Tatsuya Nakadai
19,George Sanders
20,Val Kilmer
21,Chris Rock
22,Danielle Harris
23,Ken Jeong
24,Kirsten Dunst
25,Eddie Marsan
26,Maaya Sakamoto
27,Ichiro Nagai
28,Dustin Hoffman
29,Pete Postlethwaite
30,Zdeněk Svěrák
31,Kareena Kapoor Khan
32,Kurt Raab
33,Charlton Heston
34,Amrish Puri
35,Hideo Murota
36,Dakota Johnson
37,Justin Long
38,Linda Blair
39,William Hellfire
40,Harry Davenport
41,Giuseppe Andrews
42,Siddique
43,Larry Fessenden
44,Seth Rogen
45,Gary Cooper
46,Peter Davison
47,Tom Kenny
48,Michael Fassbender
49,Jean-Louis Trintignant
50,Dennis Hopper
51,Addison Richards
52,Owen Moore
53,Samantha Fox
54,Toni Servillo
55,Arsinée Khanjian
56,Tadanobu Asano
57,Pete Smith
58,Johnny Depp
59,Charlie Chaplin
60,Jamie Lee Curtis
61,Will Arnett
62,John DiMaggio
63,Robert Ryan
64,Elliott Gould
65,Sandra Bullock
66,Elijah Wood
67,Joey King
68,Ron Jeremy
69,Santhanam
70,Rachel Sennott
71,Brad Pitt
72,James Gandolfini
73,Anthony Mackie
74,Andy Serkis
75,Marion Leonard
76,Jean Arthur
77,Chloë Grace Moretz
78,Steve Martin
79,Nicolas Cage
80,Vennela Kishore
81,Takashi Shimura
82,Fred Williamson
83,Shoichi Ozawa
84,Klaus Kinski
85,Robert Kerman
86,Mark Wahlberg
87,Charley Chase
88,Robert Harron
89,Mink Stole
90,Gunnar Björnstrand
91,William Hartnell
92,Gwyneth Paltrow
93,Jack Nicholson
94,Ben Affleck
95,Miyuki Sawashiro
96,Harold Lloyd
97,Scarlett Johansson
98,Kevin Hart
99,Djimon Hounsou
100,Jack Black
101,Cary Grant
102,Erin Brown
103,Maggie Smith
104,Tomorowo Taguchi
105,Antônio Pitanga
106,Ajay Devgn
107,Malcolm McDowell
108,Roscoe 'Fatty' Arbuckle
109,Yuriko Yamaguchi
110,Kiyoshi Kobayashi
111,Zoe Kazan
112,Leigh Whannell
113,Martin Freeman
114,Lilo Pempeit
115,Ruby LaRocca
116,Tatsuya Hamaguchi
117,Shah Rukh Khan
118,Lex Barker
119,Trevor Howard
120,Lloyd Kaufman
121,Brendan Fraser
122,John Mills
123,Akemi Okamura
124,Colin Firth
125,Bud Abbott
126,John Goodman
127,Paresh Rawal
128,Reese Witherspoon
129,Terence Hill
130,Maika Monroe
131,Tom Hanks
132,Sam Rockwell
133,Shana Moulton
134,Joey Silvera
135,Cloris Leachman
136,John Travolta
137,Lil Rel Howery
138,Roy Rogers
139,Tobin Bell
140,Thelma Todd
141,Jun Hamamura
142,Rose Byrne
143,Betsey Brown
144,Judy Greer
145,Peter Stormare
146,Regina Hall
147,Shannon Tweed
148,Hiroaki Hirata
149,Matthew McConaughey
150,Raghu Babu
151,Samuel L. Jackson
152,Kristen Stewart
153,Frances McDormand
154,Oliver Hardy
155,Mads Mikkelsen
156,Vijayaraghavan
157,Leslie Nielsen
158,Alia Shawkat
159,Henry O'Neill
160,Octavia Spencer
161,Innocent
162,Maurice Denham
163,Mary Pickford
164,Kathleen Barr
165,Michelle Yeoh
166,Larry Fine
167,Sebastian Stan
168,George Buck Flower
169,Marianne Stone
170,Udo Kier
171,Ben Stiller
172,James Spader
173,Bobby 'Wheezer' Hutchins
174,Christopher Lloyd
175,John Gielgud
176,Anne Charlotte Robertson
177,Ewan McGregor
178,Mae Questel
179,Clint Howard
180,John Ratzenberger
181,Ren Osugi
182,Stephen Root
183,Tommi Korpela
184,Kyle Gallner
185,Lisa Vischer
186,María Rojo
187,Adam Sandler
188,Charles Bronson
189,Prakash Raj
190,Taiji Tonoyama
191,Dan Stevens
192,Chris Miller
193,Eric Roberts
194,Lam Suet
195,M. S. Bhaskar
196,Lou Costello
197,Mark Polonia
198,Miles Teller
199,Julie Walters
200,Brie Larson
201,Matt Damon
202,Peter Lorre
203,Yang Chi-Ching
204,Richard Martin
205,Oscar Isaac
206,Melvyn Douglas
207,Tabitha St. Germain
208,John Nesbitt
209,James Le Gros
210,Lyle Talbot
211,Tanikella Bharani
212,Gemma Arterton
213,Emma Stone
214,Deborah Kerr
215,Mel Gibson
216,Crispin Glover
217,Sophia Loren
218,Morgan Freeman
219,Eli Roth
220,Isabelle Huppert
221,Sigourney Weaver
222,Owen Wilson
223,Grey DeLisle
224,Paul Newman
225,Josh Brolin
226,Alan Tudyk
227,Shin Ha-kyun
228,Blue Demon
229,Rita Hayworth
230,Steve Coogan
231,Vincent Price
232,Jackie Chan
233,Joseph Crehan
234,Boris Karloff
235,Maggie Cheung Man-Yuk
236,Marilyn Monroe
237,Harrison Ford
238,Miki Nakatani
239,Kristen Wiig
240,Raphaël Quenard
241,Howard Vernon
242,Debi Derryberry
243,Akshay Kumar
244,Saoirse Ronan
245,Colin Farrell
246,Shum Lo
247,Phillip Ko Fai
248,Keegan-Michael Key
249,Hugh Jackman
250,Liam Neeson
251,Alain Delon
252,Eddie Murphy
253,Mabel Normand
254,Tony Hale
255,Jean-Pierre Léaud
256,William Demarest
257,David Tennant
258,John C. Reilly
259,Wong Ching-Ho
260,Chris Messina
261,Lupita Nyong'o
262,Bob Peterson
263,Chris Pratt
264,Steve Carell
265,Carla Mancini
266,Ashley Olsen
267,Keith David
268,Antonio Banderas
269,Sigge Fürst
270,M. S. Narayana
271,Haruo Nakajima
272,Mike Nawrocki
273,Garry Chalk
274,George Kuchar
275,Emil Sitka
276,M. Emmet Walsh
277,Renji Ishibashi
278,Katharine Hepburn
279,Bill Moseley
280,Amy Adams
281,Boman Irani
282,Akio Otsuka
283,John Turturro
284,John Candy
285,Cate Blanchett
286,Bill Nighy
287,Andy Lau Tak-Wah
288,Ernest Borgnine
289,Hugo Carvana
290,Donna Cariaga
291,Alec Baldwin
292,Helena Bonham Carter
293,Shintarō Katsu
294,Danny Trejo
295,Ethan Hawke
296,Scoot McNairy
297,Elina Löwensohn
298,Ali Basha
299,Sally Hawkins
300,Toby Jones
301,Ilavarasu
302,Joan Sims
303,Fred Tatasciore
304,Bing Crosby
305,Nicole Kidman
306,Elle Fanning
307,Georg Skarstedt
308,Bruce Campbell
309,Kate Winslet
310,Jesse Plemons
311,Sayaka Ohara
312,Jack Carson
313,Kazuya Nakai
314,Spencer Tracy
315,James Franco
316,Jesús Franco
317,Chris Evans
318,Georges Méliès
319,Vivek
320,Jennifer Jason Leigh
321,Felix Aylmer
322,Tim Robbins
323,Robin Sydney
324,Jason Schwartzman
325,Margot Robbie
326,Glenn Ford
327,Sunil Varma
328,Judy Garland
329,Jude Law
330,Salim Kumar
331,Saburo Date
332,James Mason
333,Jamie Foxx
334,Paul Dano
335,Jonah Hill
336,Willem Dafoe
337,Dwayne Johnson
338,Laura Gemser
339,Bill Murray
340,Jason Bateman
341,Michael Caine
342,David Dastmalchian
343,Tom Baker
344,Cynthia Rothrock
345,Christian Bale
346,Doug Jones
347,Scout Taylor-Compton
348,Jean-Luc Godard
349,George McFarland
350,Winona Ryder
351,Robert Englund
352,Susumu Terajima
353,Chow Yun-Fat
354,Eric Edwards
355,Wilson Grey
356,Paulo César Peréio
357,Paul McCartney
358,Sonny Chiba
359,Stellan Skarsgård
360,Kath Soucie
361,Lin Shaye
362,Koichi Ueda
363,Toshirō Mifune
364,J.K. Simmons
365,Warwick Davis
366,Leo Gorcey
367,Audrey Hepburn
368,Jim Broadbent
369,Yuen Wah
370,Tom Hardy
371,Charles Hawtrey
372,Parker Posey
373,Robin Williams
374,Helena Ignez
375,Alex Wolff
376,Lina Romay
377,Michael Keaton
378,Richard Jenkins
379,Rooney Mara
380,Gene Hackman
381,Fernando Osés
382,Steven Seagal
383,Arthur V. Johnson
384,Bette Davis
385,Bunta Sugawara
386,Kappei Yamaguchi
387,Amitabh Bachchan
388,Shirley MacLaine
389,Tarō Suwa
390,Golshifteh Farahani
391,Cillian Murphy
392,Nassar
393,Tim Holt
394,James Stewart
395,Tetsuro Tamba
396,Mayumi Tanaka
397,David Chiang Da-Wei
398,Christopher Walken
399,Guará Rodrigues
400,Michel Piccoli
401,Anil Kapoor
402,Conrad Vernon
403,Ana de Armas
404,Anthony Hopkins
405,Yoko Hikasa
406,Sid James
407,Ingvar Hirdwall
408,Riki Takeuchi
409,Jim Belushi
410,Laura Dern
411,Ku Feng
412,John Wayne
413,Vernon Dent
414,Alan Hale
415,Lucy Liu
416,Jeff Bennett
417,Chloë Sevigny
418,Dee Bradley Baker
419,Andrew W. Walker
420,Tony Leung
421,Darian Caine
422,El Santo
423,Edna Purviance
424,Clancy Brown
425,Edoardo Leo
426,Mia Wasikowska
427,Paul Rudd
428,Dakota Fanning
429,Jiří Lábus
430,Julie Andrews
431,Tyler Perry
432,Gérard Depardieu
433,Jean-Claude Van Damme
434,Cherry Pie Picache
435,Eddi Arent
436,Joan Crawford
437,Ned Bellamy
438,Joseph Gordon-Levitt
439,Dermot Mulroney
440,Jeff Goldblum
441,Keira Knightley
442,Tress MacNeille
443,Akira Emoto
444,Lo Lieh
445,Tim Hodge
446,Shin-ichiro Miki
447,Irm Hermann
448,Gregory Peck
449,Barbara Stanwyck
450,Anya Taylor-Joy
451,Anupam Kher
452,Jim Cummings
453,Walter Gabarron
454,Juliette Binoche
455,Jake Gyllenhaal
456,Eugene Domingo
457,Michael Sheen
458,Felissa Rose
459,Corey Feldman
460,Allen Jenkins
461,Woody Harrelson
462,Maya Hawke
463,Wings Hauser
464,Rajendran
465,George 'Gabby' Hayes
466,Florence Lawrence
467,Janardhanan
468,Bill Melendez
469,Emma Thompson
470,Mathieu Amalric
471,Frank Sinatra
472,David Thewlis
473,Bill Paxton
474,Riccardo Scamarcio
475,Pierre Niney
476,Toni Collette
477,Harry 'Snub' Pollard
478,Kara Wai Ying-Hung
479,Rutger Hauer
480,Emma Roberts
481,Drew Barrymore
482,John Ireland
483,Kota Srinivasa Rao
484,Dolph Lundgren
485,Michael Hordern
486,Christine McIntyre
487,Jennifer Lawrence
488,Mary Elizabeth Winstead
489,Matt Smith
490,Liev Schreiber
491,Takahiro Sakurai
492,Jason Statham
493,Al Pacino
494,Robert Pattinson
495,Fung Hak-On
496,Carlos Suárez
497,Wu Ma
498,Dirk Bogarde
499,James Earl Jones
500,Bobcat Goldthwait
501,Christina Ricci
502,Sammo Hung Kam-Bo
503,Anna Faris
504,Kotono Mitsuishi
505,Petr Nárožný
506,Ed Harris
507,Valerio Mastandrea
508,Patrick Wilson
509,Matthew Beard
510,Huntz Hall
511,John Cena
512,James Cagney
513,Arnold Schwarzenegger
514,Dave Goelz
515,Tilda Swinton
516,Kate Bruce
517,Amber Heard
518,Robert Forster
519,Wiktor Andersson
520,Eric Tsang Chi-Wai
521,Artur Rolén
522,Joan Blondell
523,Jonathan Loughran
524,Susan Sarandon
525,John Leguizamo
526,Tara Strong
527,Kevin Michael Richardson
528,Mohanlal
529,Frank Welker
530,Ken Mitsuishi
531,Chris Hemsworth
532,Steve Buscemi
533,Jackie Sandler
534,Christopher Lee
535,John Saxon
536,Ryan Reynolds
537,Meiko Kaji
538,Yuen Biao
539,Ingrid Caven
540,Frank Grillo
541,David Lodge
542,Matthew Lillard
543,Julia Roberts
544,Keenan Wynn
545,Brinke Stevens
546,Kelly Sheridan
547,Tony Curtis
548,Anthony Daniels
549,Kazuhiko Inoue
550,Theda Bara
551,Chuck Norris
552,Chris Pine
553,Scott Adkins
554,Buster Keaton
555,Stanley Tucci
556,Myrna Loy
557,Meryl Streep
558,Jeffrey Combs
559,Shea Whigham
560,Simon Yam
561,Barbra Streisand
562,Jessica Chastain
563,Brahmanandam
564,Keanu Reeves
565,Bud Spencer
566,Michael Gambon
567,Bill Camp
568,Gabriele Tinti
569,Adam Driver
570,Jayaprakash
571,Stan Laurel
572,Koichi Yamadera
573,Brendan Gleeson
574,Susan Roman
575,Rica Matsumoto
576,Tom Hiddleston
577,Yogi Babu
578,Debbie D
579,Yoshitsugu Matsuoka
580,Louis Mandylor
581,Megumi Hayashibara
582,Yutaka Ikejima
583,Bebe Daniels
584,Stig Järrel
585,Harry Dean Stanton
586,Toshihiko Oda
587,Wallace Shawn
588,Andy Samberg
589,Keith Ferguson
590,Thierry Wermuth
591,Donald Pleasence
592,Dan Aykroyd
593,Robert Redford
594,Curly Howard
595,George Clooney
596,Robert Mitchum
597,Mary Woronov
598,Vinicio Marchioni
599,Zac Efron
600,Hugo Björne
601,Mack Sennett
602,Joaquin Phoenix
603,Jared Leto
604,Julianne Moore
605,Denzel Washington
606,Kenichi Ogata
607,Ginger Rogers
608,Allison Janney
609,Naomi Watts
610,Anna Kendrick
611,Reginald Owen
612,Kana Hanazawa
613,Sean Connery
614,Luigi Antonio Guerra
615,Dorothy DeBorba
616,Jon Favreau
617,Gilbert M. Anderson
618,Elvis Presley
619,Tom Felleghy
620,Will Ferrell
621,Thomas Rosales Jr.
622,Danny DeVito
623,Salman Khan
624,Channing Tatum
625,Cary Elwes
626,Julie Strain
627,Peter Haber
628,Pamela Sutch
629,Michael Jai White
630,Henry Fonda
631,Kay Francis
632,Cameron Diaz
633,Ward Bond
634,Robert Downey Jr.
635,Saori Hayami
636,Max von Sydow
637,Anne Hathaway
638,Vera Farmiga
639,Cheung Chok-Chow
640,Will Smith
641,Clint Eastwood
642,Barbara Crampton
643,Jess Harnell
644,Sukumari
645,Norman Tsui Siu-Keung
646,Philip Baker Hall
647,Ti Lung
648,Samara Weaving
649,Nedumudi Venu
650,Bill Hader
651,Michelle Williams
652,Humphrey Bogart
653,Basil Rathbone
654,Song Kang-ho
655,Tina Krause
656,Tom Cruise
657,Demi Moore
658,Vin Diesel
659,Natalie Portman
660,Fred Astaire
661,Benedict Cumberbatch
662,Clark Gable
663,David Strathairn
664,Brad Dourif
665,Monica Bellucci
666,Lance Henriksen
667,Anthony Wong Chau-Sang
668,John Leslie
669,Una Merkel
670,Gi Ju-bong
671,Glenn Close
672,Gregg Turkington
673,Frank Oz
674,Shemp Howard
675,Ted Raimi
676,John Hurt
677,Idris Elba
678,Javier Botet
679,Daws Butler
680,Bob Balaban
681,Akira Takahashi
682,Dean Martin
683,Ken'ichi Endô
684,David Jason
685,Kenji Sahara
686,Gam Tin-Chue
687,Leonardo DiCaprio
688,Rachael Leigh Cook
689,Mary-Kate Olsen
690,Angela Lansbury
691,John Cusack
692,Debbie Rochon
693,Gorō Naya
694,Jesse Eisenberg
695,Barry Sullivan
696,Wang Han-Chen
697,Desmond Llewelyn
698,Gillian Jacobs
699,Russell Crowe
700,Pinto Colvig
701,Jane Fonda
702,Antonio Mayans
703,James Hong
704,Gary Oldman
705,George MacKay
706,Mark Ruffalo
707,Donnie Yen
708,Bradley Cooper
709,Ralph Ineson
710,Corey Burton
711,Takuzō Kawatani
712,Ray Milland
713,Alan Rickman
714,Stig Johanson
715,Bruce Willis
716,Michael Papajohn
717,Richard Dreyfuss
718,Donald Sutherland
719,Ayako Wakao
720,Glen Powell
721,Walter Brennan
722,Evan Peters
723,Laura Giglio
724,Ryan Gosling
725,Mickey Rourke
726,Mammootty
727,Johnny Wang Lung-Wei
728,Michael Ripper
729,Burt Lancaster
730,Marcello Mastroianni
731,Harvey Keitel
732,Judi Dench
733,Chester Morris
734,Jim Carrey
735,Yuen Cheung-Yan
736,Hanna Schygulla
737,Woody Allen
738,Herschel Savage
739,John Carradine
740,Peter Cushing
741,Tim Heidecker
742,Ayane Sakura
743,Jerry Lewis
744,Brian Donlevy
745,Frank McHugh
746,Rob Paulsen
747,Angelina Jolie
748,Luis Ciges
749,Nicholas Courtney
750,Naomi Tani
751,Mel Blanc
752,John Hawkes
753,Mickey Rooney
754,Phil Vischer
755,Shirō Shimomoto
756,Vanessa Redgrave
757,Timothy Spall
758,Michelle Pfeiffer
759,Burt Reynolds
760,Bob Hope
761,Selena Gomez
762,Haruko Sugimura
763,Hidetoshi Kageyama
764,Manobala
765,Daniel Craig
766,Karen Gillan
767,Kane Hodder
768,Dave Bautista
769,Linnea Quigley
770,Ralph Fiennes
771,Irving Bacon
772,Elizabeth Banks
773,Kevin Durand
774,Philip Seymour Hoffman
775,Jean-Paul Rouve
776,Bruno Ganz
777,Timothée Chalamet
778,Kevin Bacon
779,Richard E. Grant
780,Jamie Gillis
781,Richard Widmark
782,Gene Wilder
783,Michelle Bauer
784,Robert De Niro
785,John Polonia
786,Randolph Scott
787,Jagathy Sreekumar
788,Pam Grier
789,Karl Glusman
790,Laurence Fishburne
791,Dick Miller
792,Joseph Mazzello
793,Tony Todd
794,Paul Giamatti
795,George Orrison
796,Joe Turkel
797,Jack Quaid
798,Hiroshi Tanaka
799,Bo Dietl
800,James Phelps
801,Terence Davies
802,Professor Toru Tanaka
803,Phil Margera
804,Joe Ranft
805,Montgomery Clift
806,Mark Hadlow
807,Bala Singh
808,Keiko Tsukamoto
809,Eiji Okada
810,Michael J. Nelson
811,Charlotte Stewart
812,Eric Bana
813,Lisa Boyle
814,Mike Houston
815,Kiyotaka Nanbara
816,Mansaku Fuwa
817,Florense Simoni
818,Kimberley Walsh
819,Toshinosuke Nagao
820,Cheryl Baker
821,Russ Fega
822,Spike Lee
823,Matt Malloy
824,Colin Burgess
825,Rebecca Hall
826,M. Night Shyamalan
827,Tina Knowles
828,Billy Dee Williams
829,Michael Bacall
830,Amy Poehler
831,Thomas Jane
832,Toranosuke Ogawa
833,Maria de Medeiros
834,Charlie Bewley
835,Baker Terry
836,Price Carson
837,John Russell
838,Taylor Nichols
839,John Deacon
840,Jean-Paul Belmondo
841,Martin Scorsese
842,Mark Tierno
843,Székely B. Miklós
844,Elizabeth Scopel
845,Catherine Deneuve
846,Kevin J. O'Connor
847,Grigoris Evangelatos
848,Adam David Thompson
849,James Shigeta
850,Trystan Pütter
851,Jennifer Grey
852,Alex Palmer
853,Matthew Goode
854,Guy Martin
855,Tenky Tin Kai-Man
856,Mason Gooding
857,Joe Pingue
858,Robert Wisdom
859,Dabney Coleman
860,Isabel Higgins
861,Merritt Wever
862,Carol Cleveland
863,Don Barclay
864,Julia Deakin
865,Holly Hunter
866,Rusty Blitz
867,J.J. Cohen
868,Brent Langdon
869,Anita Mui Yim-Fong
870,Ana Cruz Kayne
871,Steve White
872,Alison Powell
873,Jo Deok-jae
874,Michael Ironside
875,Mädchen Amick
876,Bobbi Salvör Menuez
877,Shinya Tsukamoto
878,Leslie Lyles
879,Lawrence Bender
880,Bud Luckey
881,George Dzundza
882,David Bowie
883,Ashley Zukerman
884,Georg Friedrich
885,Scott Innes
886,Juan Riedinger
887,Olivia Thirlby
888,Mark Camacho
889,Ray Hassett
890,Jeff Bridges
891,Masami Kikuchi
892,Reg E. Cathey
893,Manny Puig
894,Rufus
895,Jimmy Smits
896,John Gavin
897,John Hallam
898,Ebonie Smith
899,Mervyn Johns
900,Jessica Harper
901,Koji Shiraishi
902,Louise Yaffe
903,Kichijirō Ueda
904,Hannah Walters
905,Bob Stephenson
906,Issac Ryan Brown
907,Kenji Mizuhashi
908,Ian McDiarmid
909,Hikaru Ijūin
910,James Dryden
911,Jordyn DiNatale
912,Lance Bangs
913,Clifford Einstein
914,Angelina Stepanova
915,Joan Bennett
916,Stephen McKinley Henderson
917,Bernard Hill
918,Joseph Bono
919,Frank Whaley
920,John Williams
921,Vembayam Thampi
922,George Memmoli
923,Karlheinz Böhm
924,James Smith
925,Isao Kimura
926,Erskine Sanford
927,Burnell Tucker
928,Bill Byrge
929,Steve Routman
930,Daria Nicolodi
931,Jim Henson
932,Isuzu Yamada
933,Jake Ryan
934,John Vernon
935,Matt Johnson
936,Jack Hawkins
937,Tatsuo Matsumura
938,Gerard Murphy
939,Ricardo Trêpa
940,Brian J. Smith
941,Christian Serratos
942,Marco Rodríguez
943,Adam Pally
944,Terry Notary
945,Michael Welch
946,Vivica A. Fox
947,Kōji Mitsui
948,Eve Arden
949,Susumu Fujita
950,Tia Carrere
951,Olivia Hamilton
952,Lee Dong-yong
953,Georg John
954,Aki Maeda
955,Shōji Ōki
956,Bob Dylan
957,Theresa Peterson
958,Mac McDonald
959,Vasilis Kolovos
960,Christopher Fairbank
961,Louis Fan Siu-Wong
962,Rock Hudson
963,Richard Kruspe
964,Jon Bernthal
965,Daniel Zovatto
966,Rita Maye Bland
967,Arthur Shields
968,Mary McDonnell
969,Ron Lea
970,Lee Dae-yeon
971,Christopher John Fields
972,Christian Berkel
973,William Jackson Harper
974,Colin Salmon
975,Michael Cullen
976,Luigi Pistilli
977,Shima Iwashita
978,Roy Roberts
979,Katrin Cartlidge
980,Mark Eden
981,Danny Darst
982,Ritchie Coster
983,Michael J. Anderson
984,Myra Turley
985,Minoru Itō
986,Chiaki Kuriyama
987,Tom Wilkinson
988,Erland Josephson
989,Nikos Kouros
990,Isao Hashizume
991,Mayu Matsuoka
992,Zbigniew Zapasiewicz
993,John Griesemer
994,Zeppo Marx
995,Stephanie Beatriz
996,Ron Dean
997,Yasmin Harrison
998,Ryan Holihan
999,Ryo Kase
1000,Charley Morgan
1001,Jan Munroe
1002,Jamie Harris
1003,Harriet Andersson
1004,Yuki Kaji
1005,Ryan Desmarais
1006,Freema Agyeman
1007,Keith Jardine
1008,Cooper Thornton
1009,Catherine E. Coulson
1010,David Darlow
1011,Paul Sorvino
1012,Matt Winston
1013,Winston Duke
1014,Julian Glover
1015,Rachel McAdams
1016,Bruce Altman
1017,Carmine Foresta
1018,Takuya Kimura
1019,Kimberley Drummond
1020,Helen Booth
1021,Peter Sallis
1022,Daryl Hannah
1023,Joseph Pilato
1024,Patrick Magee
1025,Park Mi-so
1026,William Fichtner
1027,Marina Melin
1028,Zoe Saldaña
1029,Ana Maria Quintana
1030,Billy J. Mitchell
1031,Roger Taylor
1032,Joe Virzi
1033,Shin Ibuki
1034,Paul Gemignani
1035,André Falcon
1036,Gene Jones
1037,Peter Berling
1038,Amandla Stenberg
1039,James Rebhorn
1040,Tracy Reiner
1041,Zoë Bell
1042,Mollee Gray
1043,Adam McKay
1044,Ricky Jay
1045,James Parks
1046,Jordan Ladd
1047,j-hope
1048,Caroll Spinney
1049,David Yates
1050,John Amplas
1051,Mary Kay Bergman
1052,Stephen Ure
1053,Walter Scott
1054,Ronald Yan Mau-Keung
1055,Frank Ferguson
1056,Gina Gershon
1057,Manuela de Freitas
1058,Angela Bassett
1059,Daniel Spink
1060,Ian McShane
1061,John Salley
1062,David Wenham
1063,Kirk Fox
1064,Deep Roy
1065,Terence Rosemore
1066,Ralph Wright
1067,Rami Malek
1068,Fumio Watanabe
1069,Peggy Lipton
1070,Tony Guma
1071,Kellan Lutz
1072,Jan Tesarz
1073,Jean Aymé
1074,Albert Brooks
1075,Annie Potts
1076,Lucas Hedges
1077,Zhao Tao
1078,Lukas Gage
1079,Takeshi Kaneshiro
1080,Henry Jones
1081,Tessyo Genda
1082,Minori Chihara
1083,Tetsu Watanabe
1084,Mike Shinoda
1085,Sumi Shimamoto
1086,Rachel Singer
1087,Jeffrey Wright
1088,Tessa Thompson
1089,Paul Maxwell
1090,Christopher Malcolm
1091,Aki Toyosaki
1092,Yayan Ruhian
1093,Ariana DeBose
1094,Anna Lee
1095,Howie Mandel
1096,Teddy Newton
1097,Harry Shearer
1098,Rebecca Ferguson
1099,Roy Boyd
1100,Alec Guinness
1101,Burr Steers
1102,Bradley Whitford
1103,Krysten Ritter
1104,James Jeter
1105,Kathleen Freeman
1106,Jeff Pidgeon
1107,Lance Reddick
1108,Matthew Modine
1109,Wallace Wolodarsky
1110,Michael Rooker
1111,Dwight Frye
1112,Peter Siragusa
1113,Chen Chao-jung
1114,Shizue Kawarazaki
1115,Murray Moston
1116,Slim Pickens
1117,Lee Hong-pyo
1118,Babs Olusanmokun
1119,Benjamin Flores Jr.
1120,Kent Smith
1121,Joe Belcher
1122,Kevin Murphy
1123,Phylicia Rashād
1124,Sophie McShera
1125,Charles McGraw
1126,Sonny Landham
1127,Yeung Chun-Sing
1128,Tōru Shinagawa
1129,Hannah Gadsby
1130,Tommy Lafitte
1131,Jacques Léonard
1132,Whoopi Goldberg
1133,Gloria Grahame
1134,Edie Falco
1135,Walter Matthau
1136,Chikara Honda
1137,Yukio Miyagi
1138,Roger Livesey
1139,Michael York
1140,Robert Guillaume
1141,Abbey Lee
1142,Gibby Haynes
1143,Nenji Kobayashi
1144,Janet Leigh
1145,Jeff Garlin
1146,Sally Dryer
1147,Chadwick Boseman
1148,Kelly Rowland
1149,Thora Birch
1150,Kirk Douglas
1151,Hugo Weaving
1152,Lee Kang-sheng
1153,Garry Pastore
1154,Mirella Pamphili
1155,Jane Alexander
1156,Carolyn Farina
1157,Yoji Matsuda
1158,Nicholas Woodeson
1159,Aster Pang
1160,Chris Owen
1161,Joe Estevez
1162,Mathieu Demy
1163,Günter Lamprecht
1164,Griffin Dunne
1165,Denden
1166,Wai Wang
1167,Choi Gwi-hwa
1168,Burton Zucker
1169,Gary Basaraba
1170,Sissy Spacek
1171,Yoshifumi Tajima
1172,Norbert Weisser
1173,Tetsu Sakai
1174,Alice Lowe
1175,Ann Altieri
1176,Julie Brown
1177,Yorie Yamashita
1178,Rashida Jones
1179,Richmond Arquette
1180,Jean-Pierre Moulin
1181,Julie Delpy
1182,Kiana Madeira
1183,Midori Yamamoto
1184,Jack Nance
1185,Marino Masé
1186,Lily Gladstone
1187,Caroline Munro
1188,Welker White
1189,J. Todd Anderson
1190,Lee Byung-hun
1191,JENNIE
1192,Kwon Hae-hyo
1193,Charles Durning
1194,Mark Hildreth
1195,Billy West
1196,Natasha Lyonne
1197,Kate Dickie
1198,Sir 'Bigfoot' George
1199,Richard France
1200,Kuniko Miyake
1201,André S. Labarthe
1202,Steve-O
1203,Akira Ishida
1204,Scott Weinger
1205,William Powell
1206,Jackie Joseph
1207,Shannon Wilcox
1208,Charles Scorsese
1209,Edward Binns
1210,Mark Strong
1211,Lambert Wilson
1212,Soledad Miranda
1213,Ruth White
1214,William Holden
1215,Selton Mello
1216,John Polce
1217,Richard Collier
1218,Kathryn Mullen
1219,Michael McShane
1220,Sebastian La Cause
1221,Rainer Werner Fassbinder
1222,Oliver Jackson-Cohen
1223,Rita Moreno
1224,Alex Karpovsky
1225,Ayanna Berkshire
1226,Damon Wayans
1227,Alan Scott
1228,Jane Adams
1229,Haruo Suzuki
1230,Peter Boyle
1231,Michael Redgrave
1232,Wendee Lee
1233,Pat McNamara
1234,Jacob Elordi
1235,Oliver Riedel
1236,Miranda July
1237,George Figgs
1238,Hiroshi Kamiya
1239,Clem Caserta
1240,Judd Hirsch
1241,Matt Ross
1242,Kumeko Urabe
1243,Tina Aumont
1244,Laura Harrier
1245,Olivia Scott Welch
1246,Esther Garrel
1247,Evanna Lynch
1248,Paul Stewart
1249,Jack Kao
1250,Hisako Kyoda
1251,Scott Mosier
1252,S. William Hinzman
1253,Hsin Shu-Fen
1254,Joe Seneca
1255,Barbara Cupisti
1256,Richard Anderson
1257,Paul Herman
1258,Chris Isaak
1259,Luciano Pavarotti
1260,Marjorie Bennett
1261,Matt Billingslea
1262,Carolyn Purdy-Gordon
1263,Chieko Naniwa
1264,Tommy Flanagan
1265,Tracey Walter
1266,Seiji Miyaguchi
1267,Frankie Faison
1268,Sybil Azur
1269,Eita Nagayama
1270,Agnes Moorehead
1271,Leonid Kinskey
1272,Ramzan Miah
1273,Daniel Kaluuya
1274,Gregg Henry
1275,Pat Skipper
1276,Andrew Garfield
1277,Geneviève Mnich
1278,Alan Tilvern
1279,Wendy Nottingham
1280,Hiro Shimono
1281,Mykelti Williamson
1282,Russell G. Jones
1283,Allan Edwall
1284,Felix Bressart
1285,Jacek Koman
1286,Leslie Uggams
1287,Dave Meltzer
1288,Sala Baker
1289,Murray Hamilton
1290,Hiroshi Nihon'yanagi
1291,Eric DaRe
1292,Neil Ross
1293,Cho Yun-hee
1294,Aya Hirano
1295,Miki Nagasawa
1296,Scott Caan
1297,Claudia Wilkens
1298,Jack Cutmore-Scott
1299,Andrew Wilson
1300,Candy Clark
1301,Chill Wills
1302,Isabelle Weingarten
1303,The Residents
1304,Liana Liberato
1305,Michael Jace
1306,Brady Corbet
1307,Quvenzhané Wallis
1308,Jack White
1309,Michael Malvesti
1310,Liam Redmond
1311,Sam De Grasse
1312,Lau Kong
1313,Romi Park
1314,W. Earl Brown
1315,Jack Lemmon
1316,Dean Fleischer Camp
1317,Christopher McDonald
1318,Nathan George
1319,Bruce Phillips
1320,Nargis
1321,Amanda Abbington
1322,Scott Coffey
1323,Ahmad Ramadhan Alrasyid
1324,Stanley Wong
1325,Jed Brophy
1326,Jean-Marc Barr
1327,Rena Maliszewski
1328,Jonquil Goode
1329,Sachio Sakai
1330,Gene Borkan
1331,Ehren McGhehey
1332,Steven Ford
1333,Gao Yuanyuan
1334,Mireille Dargent
1335,Elizabeth Berrington
1336,Paula Malcomson
1337,David Attenborough
1338,Daveigh Chase
1339,Tara Nicole Hughes
1340,Mutsuko Sakura
1341,Doris Hargrave
1342,Honor Blackman
1343,Jackson Rathbone
1344,Jamie Waylett
1345,Leslie Cheung Kwok-Wing
1346,Mark Rhino Smith
1347,Edna Doré
1348,Matt Craven
1349,Andrew Shaver
1350,Anna Paquin
1351,Toshie Negishi
1352,Peter Weller
1353,Daniil Netrebin
1354,Mickey Kuhn
1355,Yuko Daike
1356,Peggy Lu
1357,Venessia Valentino
1358,Gian Maria Volonté
1359,Robert Patrick
1360,Robbie Coltrane
1361,Frank Aquilino
1362,Mark Pauline
1363,Taketoshi Naitō
1364,Caleb Spillyards
1365,Joseph Whipp
1366,Danielle Darrieux
1367,Billy Crudup
1368,Deb Hiett
1369,Giovanni Ribisi
1370,Neil Hughes
1371,Don McManus
1372,Dev Patel
1373,Courtney Gains
1374,Steven Geray
1375,Jeremy Bulloch
1376,James Marshall
1377,William Morgan Sheppard
1378,Ricco Ross
1379,Billy Smith
1380,Carlos Barbouth
1381,Hawthorne James
1382,Karina Fernandez
1383,Mick Fleetwood
1384,Dominic Monaghan
1385,Rosemary Harris
1386,Henry Travers
1387,James Remar
1388,Stuart Cowan
1389,Deidre Goodwin
1390,Isabel Jewell
1391,Peter Cellier
1392,Mark Donovan
1393,Taraneh Alidoosti
1394,Billy Zane
1395,Mary Vivian Pearce
1396,Hsu Feng
1397,Dicky Eklund Jr.
1398,Jacob Batalon
1399,Conner O'Malley
1400,Joonas Suotamo
1401,Penelope Wilton
1402,David Steen
1403,Vera Miles
1404,Roy Scheider
1405,Sarah Edwards
1406,Frank Braña
1407,Erin McHugh
1408,Dennis Farina
1409,Stephen Fry
1410,Lionel Mark Smith
1411,Cherrie Ying Choi-Yi
1412,Madeline Kahn
1413,Martha Plimpton
1414,Jack Knight
1415,Scott Takeda
1416,Meagen Fay
1417,Ross Marquand
1418,Larisa Borisenko
1419,John Gallagher Jr.
1420,Wendy Worthington
1421,James Faulkner
1422,Gloria Stuart
1423,Paul Higgins
1424,Keith Campbell
1425,Michael Stuhlbarg
1426,Karen Black
1427,Michael Ensign
1428,Krist Novoselic
1429,Edward Bunker
1430,Christoph Waltz
1431,Charles Knapp
1432,Kenny Baker
1433,Chloe Pirrie
1434,Nikolay Grinko
1435,Takeshi Katō
1436,Matthew Kimbrough
1437,Carrie Fisher
1438,Myriem Akheddiou
1439,Takeshi Ohtani
1440,Hiroshi Hasegawa
1441,Taika Waititi
1442,Cheryl
1443,Åke Fridell
1444,Sean Harris
1445,Barry Del Sherman
1446,Nectar Rose
1447,Yo Oizumi
1448,Strother Martin
1449,Nikki Reed
1450,Noriko Honma
1451,Ticky Holgado
1452,Connie Sawyer
1453,Pia Douwes
1454,Nancy Allen
1455,Toshio Takahara
1456,Mark Hamill
1457,Kim Eui-sung
1458,Quentin Tarantino
1459,Robert C. Treveiler
1460,Takehito Koyasu
1461,Ben Wright
1462,David Krumholtz
1463,Jeffrey DeMunn
1464,Gaye Brown
1465,Kinji Nakamura
1466,Marcel Lévesque
1467,Frank Vincent
1468,Rupert Grint
1469,Del Close
1470,Duke Moore
1471,Evan Parke
1472,Anne Dorval
1473,Sam Jaffe
1474,Malcolm Atterbury
1475,Dominic Chianese
1476,Marisa Paredes
1477,Jay Baruchel
1478,Omar Doom
1479,David Lynch
1480,Telfar Clemens
1481,Tsutomu Yamazaki
1482,Hunter Schafer
1483,Patrick Fischler
1484,Roger Yuan
1485,Choi Woo-shik
1486,Larry Brandenburg
1487,Kwak Do-won
1488,Issa Rae
1489,Peter Maloney
1490,Neil Patrick Harris
1491,Tanya Moodie
1492,Cheung Hei
1493,James Callis
1494,Robert Carlyle
1495,Samuel Joslin
1496,Ariane Labed
1497,Zach Galligan
1498,Graham McTavish
1499,Xander Berkeley
1500,Jenny Agutter
1501,Hiroshi Hayashi
1502,Grace Zabriskie
1503,Mia Soteriou
1504,Stephen Hunter
1505,Kim Sun-young
1506,Rahul Kohli
1507,Nick Cave
1508,Nicholas Hitchon
1509,Meghan Rafferty
1510,Robert Wahlberg
1511,Romolo Valli
1512,Kō Nishimura
1513,Richard O'Brien
1514,Sean Bean
1515,J.C. MacKenzie
1516,Jane Darwell
1517,Jerry Nelson
1518,Jennifer Rhodes
1519,Sayaka Osawa
1520,Yukijiro Hotaru
1521,Scott Spiegel
1522,Oh Kwang-rok
1523,Elias Koteas
1524,Laurence Olivier
1525,Sakichi Sato
1526,Geena Davis
1527,Mark Isherwood
1528,Kevin Chapman
1529,Delroy Lindo
1530,Charles Middleton
1531,Cheryl Chase
1532,David Bailie
1533,Yoshio Inaba
1534,Olivia Cooke
1535,Mickey Sumner
1536,Will Zahrn
1537,Robert G. Slade
1538,Marlon Brando
1539,Bob Maroff
1540,Cheung Chi-Ping
1541,Julie Payne
1542,Nicholas De Cegli
1543,Krystyna Janda
1544,Peter McRobbie
1545,Ryôichi Takayanagi
1546,Philippe Noiret
1547,Serge Reggiani
1548,Boris Smirnov
1549,Anthony O'Donnell
1550,Matthew Zuk
1551,CCH Pounder
1552,Edith Massey
1553,Edward Norton
1554,Noah Segan
1555,Jorma Taccone
1556,Priscilla Pointer
1557,Helen Mirren
1558,Teruhiko Aoi
1559,Renée Elise Goldsberry
1560,Anne Wiazemsky
1561,Yoshiyuki Morishita
1562,Gunnel Lindblom
1563,Josh Hamilton
1564,Léa Seydoux
1565,Wan Fat
1566,Kinuyo Tanaka
1567,Kevin Breznahan
1568,Li Tian-Lu
1569,Missi Pyle
1570,Shelley Duvall
1571,Walt Flanagan
1572,William H. Macy
1573,Dave Hager
1574,Chu Tau
1575,Kiff VandenHeuvel
1576,Colin Stinton
1577,Miao Tian
1578,Bruce Greenwood
1579,ROSÉ
1580,Tom Conti
1581,Kin Sugai
1582,Cory Michael Smith
1583,Melinda Dillon
1584,Michael Bowen
1585,Lee Van Cleef
1586,Vicky McClure
1587,Keita Machida
1588,Enrique Liporace
1589,John Finnegan
1590,Clea DuVall
1591,Ken Sansom
1592,Jimmy Conlin
1593,Richard Ayoade
1594,Barbara Hammer
1595,Karen Strassman
1596,Yuka Terasaki
1597,Tantoo Cardinal
1598,Michael Murphy
1599,Paul Winchell
1600,Grégoire Colin
1601,James Lyons
1602,Rosanna Arquette
1603,Lois Smith
1604,Kenneth Branagh
1605,Daniela Doria
1606,Ray Teal
1607,Lucinda Raikes
1608,Gary Galone
1609,Sergey Bondarchuk
1610,Jamie Demetriou
1611,Jun Kunimura
1612,Chloe Dungate
1613,Karren Karagulian
1614,Geraldine Somerville
1615,Richard Locke
1616,Carl Ciarfalio
1617,Irene Olga López
1618,Ed Crowley
1619,H.B. Warner
1620,Melanie Nyema
1621,Carl Switzer
1622,Anne Reid
1623,Bonnie Hunt
1624,Setsuko Hara
1625,JoAnn Willette
1626,William Daniels
1627,Hanns Zischler
1628,Berenica Cipcus
1629,Shay Duffin
1630,Amy Wright
1631,Machiko Kyō
1632,Margaret Qualley
1633,Eduard Martsevich
1634,Randy Jurgensen
1635,Joe Pesci
1636,Thomas F. Wilson
1637,Naomie Harris
1638,Richard Bernard
1639,Mihály Kormos
1640,Willow Shields
1641,Masao Mishima
1642,Jeffrey Jones
1643,Robert Duvall
1644,Michael Massee
1645,Ken Stott
1646,Zoë Kravitz
1647,Bibi Andersson
1648,Tomoka Hasebe
1649,Giovannie Cruz
1650,Lauren Maher
1651,Jürgen Prochnow
1652,Mayumi Shintani
1653,Annie Mumolo
1654,J. Patrick McNamara
1655,Sterling Hayden
1656,Jimin
1657,Frank Sivero
1658,Michael Moore
1659,Sid Haig
1660,Nathan Lane
1661,Christopher Gaze
1662,Ian MacDonald
1663,Don Blakely
1664,Yoshie Minami
1665,Ian McKellen
1666,Raymond J. Barry
1667,George Wendt
1668,Nastassja Kinski
1669,Rod Taylor
1670,Kira Golovko
1671,Michael Angarano
1672,John Sharp
1673,Peter Facinelli
1674,Duane Jones
1675,Matthew Cardarople
1676,Imogen Claire
1677,Richard Boes
1678,Skeet Ulrich
1679,Derek Kwok Jing-Hung
1680,Jean Marais
1681,Illeana Douglas
1682,Richard Riehle
1683,John Mahon
1684,Jack Davenport
1685,Senkichi Ōmura
1686,Christine Dye
1687,Denholm Elliott
1688,Jenette Goldstein
1689,Meat Loaf
1690,Michael Guess
1691,Miriam Margolyes
1692,RM
1693,Richard Attenborough
1694,Wood Harris
1695,Rosalie Varda
1696,Samantha Win
1697,Benoît Magimel
1698,Sean Penn
1699,Jonathan Lee Yat-Sing
1700,Conan O'Brien
1701,Otto Sander
1702,Dawn French
1703,Wakaba Irie
1704,Damien Leake
1705,Nicky Katt
1706,Lawrence Ko Yu-Luen
1707,Martin Balsam
1708,Kiyoko Tsuji
1709,Paco Yick Tin-Hung
1710,Akira Nagoya
1711,René Auberjonois
1712,Kokuten Kōdō
1713,Jose L. Rodriguez
1714,Rebel Wilson
1715,Eli Fucile
1716,Hiroshi Nagano
1717,Miguel Sandoval
1718,Ricky Mapleton
1719,Marc Moro
1720,Karen Prell
1721,Chaske Spencer
1722,Andy Bale
1723,Robert Shaw
1724,Irina Gubanova
1725,Kevin Corrigan
1726,Olga Merediz
1727,Jibrail Nantambu
1728,Alan Arkin
1729,Robert Cornthwaite
1730,Anton Walbrook
1731,Joe Lynch
1732,Aleksandr Lebedev
1733,Cody Cameron
1734,Keishi Nagatsuka
1735,Edita Gruberova
1736,Hal Landon Jr.
1737,Jemaine Clement
1738,Olaf Lubaszenko
1739,Andrew Ellis
1740,Stefan Kapičić
1741,Takashi Ebata
1742,Paul Frees
1743,Dave Legeno
1744,John Carroll Lynch
1745,Esko Nikkari
1746,John Cheung Ng-Long
1747,Stephen Blackehart
1748,Bonnie Wright
1749,Kyū Sazanka
1750,Dean Stockwell
1751,Julee Cruise
1752,Chanel Cresswell
1753,Chantal Akerman
1754,Nita Talbot
1755,Jung Kook
1756,William Hickey
1757,James Russo
1758,Ichirō Chiba
1759,Elwin 'Chopper' David
1760,Glenn Fitzgerald
1761,Geoffrey Cheshire
1762,Blake Jenner
1763,Katherine Waterston
1764,Vanessa Hudgens
1765,John Bach
1766,Robert J. Wilke
1767,Scott Lawrence
1768,Matthew Russell
1769,Manami Numakura
1770,Dan Callahan
1771,Edward James Olmos
1772,Gary Farmer
1773,Diane Venora
1774,Jimmy Fallon
1775,Kerry Condon
1776,Shinya Takahashi
1777,Guy Pearce
1778,Jada Pinkett Smith
1779,David Bradley
1780,Philip Stone
1781,Matt Rippy
1782,Dimitry Elyashkevich
1783,Geoffrey Blake
1784,Zbigniew Zamachowski
1785,Maurice Schutz
1786,Thelma Ritter
1787,Michimaro Otabe
1788,David Morse
1789,Dana Ashbrook
1790,Jack Walsh
1791,Perla Haney-Jardine
1792,Jasmine Cephas Jones
1793,Amy Stoch
1794,Marina Inoue
1795,Lou Cutell
1796,Robert Greig
1797,Thomas Mitchell
1798,Talia Shire
1799,Tom Sizemore
1800,Akaji Maro
1801,Simon Farnaby
1802,Elisha Cook Jr.
1803,Diane Baker
1804,Billy Jackson
1805,Alfred Enoch
1806,John Young
1807,Kit Connor
1808,Richard Edson
1809,Jun Tatara
1810,Ian Brimble
1811,Caleb Landry Jones
1812,Zeno Robinson
1813,Joan Baez
1814,Jacques Tati
1815,Harry Melling
1816,Jack Kehler
1817,Adrian Rawlins
1818,Emma Watson
1819,Sandrine Bonnaire
1820,David Patrick Kelly
1821,Melanie Griffith
1822,Fulvio Mingozzi
1823,Andrew Hawkins
1824,Josh Herdman
1825,Afshan Azad
1826,Rockets Redglare
1827,Hannibal Buress
1828,Diane Ladd
1829,Jack Riley
1830,Amos Heller
1831,Billy Ching Sau-Yat
1832,Frances Lee McCain
1833,Alicia Vikander
1834,Mitsusaburō Ramon
1835,Marc Shaiman
1836,Robert Maillet
1837,Tom Hulce
1838,Mallory Sandler
1839,Wang Hongwei
1840,Shinnosuke Ikehata
1841,Orson Welles
1842,Robert Wagner
1843,Traci Wolfe
1844,Kenneth More
1845,Matthew Shear
1846,Philip Chan Yan-Kin
1847,Joe Strummer
1848,Benz Kong To-Hoi
1849,Justin Chon
1850,Brad Delson
1851,Gordon Liu Chia-Hui
1852,Mizuho Suzuki
1853,Leeza Gibbons
1854,Esmond Knight
1855,Jan Kuželka
1856,Kara Hayward
1857,Lau Shung-Fung
1858,Carole Shelley
1859,Tim Faraday
1860,LISA
1861,Kenji Ohba
1862,Jodie Foster
1863,Megumi Ogata
1864,Pasquale Buba
1865,Madeleine Lebeau
1866,Alex Hyde-White
1867,Joan Shawlee
1868,James Acaster
1869,Asuka Kurosawa
1870,Vernon Dobtcheff
1871,Viktor Stanitsyn
1872,Miguel Ferrer
1873,Kenjiro Yamashita
1874,Barbara Marshall
1875,Shinji Oda
1876,Sam Neill
1877,George Hilsdon
1878,Daisuke Ono
1879,Mark Proksch
1880,Jamie McBride
1881,Heather Graham
1882,Helen Miller
1883,Ronny Cox
1884,John Rhys-Davies
1885,Nancy Stephens
1886,James Hamilton
1887,Mugihito
1888,Bill Corbett
1889,Nick Frost
1890,Steve Park
1891,Chris Tucker
1892,Aron Warner
1893,Alba Rohrwacher
1894,Jess Osuna
1895,Michael Talbott
1896,Sergei Yermilov
1897,Maggie Gyllenhaal
1898,Reiko Kongō
1899,Tom Waits
1900,Ryo Hirohashi
1901,Tim Curry
1902,Donna Murphy
1903,Benkei Shiganoya
1904,Paula Jai Parker
1905,Walt Disney
1906,Giapetto Woftmuller
1907,Buzz Kilman
1908,David Rudman
1909,Chris Peterson
1910,Jun Fukushima
1911,Rica Fukami
1912,Liang Jingdong
1913,Lui Tat
1914,Norman Matlock
1915,Mario Brega
1916,Ryōzō Maekawa
1917,Tom Atkins
1918,Scott Beach
1919,Suga
1920,Andrea Libman
1921,Joe Keaton
1922,Vladislav Strzhelchik
1923,Rosemarie DeWitt
1924,Julie Christie
1925,Ty Olsson
1926,Ian Fairbairn
1927,Holland Taylor
1928,Song Sun-mi
1929,April Margera
1930,Wendy Robie
1931,Shameik Moore
1932,Dean Wareham
1933,Rosette
1934,Kathleen Byron
1935,Dominic West
1936,George Newton
1937,Raul de Nieves
1938,Hari James
1939,Gary Riley
1940,Brandon DiCamillo
1941,Brent Skagford
1942,David Margulies
1943,Piero Vida
1944,Francesca Scorsese
1945,Sarah Ball
1946,Erin Fitzgerald
1947,Khan Bonfils
1948,Jarvis Cocker
1949,Pat Hingle
1950,Hiroomi Tosaka
1951,Ray Wise
1952,Hailey Gates
1953,Kelli Maroney
1954,Bill Thompson
1955,Leslie Wing
1956,Ringo Starr
1957,Takashi Sasano
1958,Lily Franky
1959,James Karen
1960,Eimei Esumi
1961,Adelle Lutz
1962,Gyula Pauer
1963,Gilette Barbier
1964,Bam Margera
1965,Suzy Kendall
1966,Connie Nielsen
1967,Katie Jackson
1968,Amanda Warren
1969,Fredric Lehne
1970,Midori Komatsu
1971,Vincent Schiavelli
1972,Richard Griffiths
1973,Phyllis Somerville
1974,John Getz
1975,Diane Keaton
1976,Jack Kehoe
1977,Constance Towers
1978,Tommy Wiseau
1979,Johnny White
1980,Wu Nien-jen
1981,Ray Fearon
1982,Tony Anselmo
1983,Jessica Cauffiel
1984,Greta Gerwig
1985,Craig Stark
1986,Frank Adonis
1987,Diahnne Abbott
1988,Don Rickles
1989,V
1990,Tito Goya
1991,Thomas Ridgewell
1992,Percy Helton
1993,Max Bernstein
1994,Harold Ramis
1995,Fritz Rasp
1996,Laura Christensen
1997,Hideko Takamine
1998,Matthew McKane
1999,Kanta Sato
2000,Paul Winfield
2001,Megan Westpfel
2002,Günther Kaufmann
2003,Dileep Rao
2004,Katie Lowes
2005,Toyo Takahashi
2006,Carla Gugino
2007,Farley Granger
2008,Park Myung-shin
2009,Timothy Dalton
2010,Anna Katarina
2011,Kyle MacLachlan
2012,Josh Helman
2013,Jayne Eastwood
2014,Conrad Veidt
2015,Michael Madsen
2016,Jeanne Moreau
2017,Alex Wexo
2018,Rebekah Del Rio
2019,David P. Smith
2020,Brad Bird
2021,Kathy Najimy
2022,Leonard L. Thomas
2023,The Weeknd
2024,Yoshino Aoyama
2025,Uwe Kröger
2026,Cobie Smulders
2027,George DiCenzo
2028,Kevin Costner
2029,John Cleese
2030,Nina van Pallandt
2031,Vincent Gardenia
2032,Wayne Federman
2033,Harry Northup
2034,Gaetano Lisi
2035,Edie McClurg
2036,Ritchie Montgomery
2037,Perry Dizon
2038,Wong Yat-Fei
2039,Henri Labussière
2040,Ludger Pistor
2041,Millard Mitchell
2042,Randall Park
2043,Lau Shun
2044,Jennifer Leung
2045,Kriss Dosanjh
2046,Vinny Vella
2047,Atsushi Watanabe
2048,Bill Hicks
2049,Eva Marie Saint
2050,Etsuko Ichihara
2051,Vangelis Kazan
2052,Michael C. Matthews
2053,Henry Rollins
2054,Joel Bissonnette
2055,Bruce Balden
2056,Harold Perrineau
2057,Matthew Lewis
2058,Laurie Metcalf
2059,Natalia Tena
2060,Danny Waugh
2061,John Mulaney
2062,Joseph Patrick Kelly
2063,Wayne Grace
2064,Fumihiko Tachiki
2065,Koji Yakusho
2066,Paul Sidoti
2067,Christopher Kirby
2068,David Gyasi
2069,Tyson Houseman
2070,Glenn Beck
2071,Susan Lowe
2072,Stevie Nicks
2073,Kevin Sussman
2074,Steven Van Zandt
2075,Sergio Mendizábal
2076,Phil Grieve
2077,"Kelvin Harrison, Jr."
2078,Riley Keough
2079,Anthony Chan Yau
2080,Donnell Rawlings
2081,Una O'Connor
2082,Francisco Araiza
2083,Theodor Loos
2084,Anatoli Ktorov
2085,Clement Blake
2086,John Slattery
2087,Martin Semmelrogge
2088,Michael Douglas
2089,Warren Ellis
2090,Albert Rémy
2091,Adèle Haenel
2092,Costas Mandylor
2093,Linda Larkin
2094,Carlos Jacott
2095,Jim Roche
2096,Spike Jonze
2097,Pete Docter
2098,Timothy Carhart
2099,Charlene Amoia
2100,Elya Baskin
2101,Daisy Edgar-Jones
2102,David Brisbin
2103,Ezra Buzzington
2104,Fiona Shaw
2105,Nobuo Nakamura
2106,Roberts Blossom
2107,Channing Wilroy
2108,Charles Cyphers
2109,Hiroyuki Watanabe
2110,Joe Tucker
2111,John McConnell
2112,Christine Ebersole
2113,Nelson Vasquez
2114,Elliot Page
2115,Joseph Cotten
2116,Paul Swift
2117,Gary Lockwood
2118,Paul Kligerman
2119,Ahmed Best
2120,Trip Taylor
2121,Courteney Cox
2122,Kris Kristofferson
2123,Shawnee Smith
2124,Chuck Hicks
2125,Sayumi Suzushiro
2126,Kelley Jakle
2127,Adam Curtis
2128,Lillian Gish
2129,Amy Ferguson
2130,Kirk Baltz
2131,Isabelle Adjani
2132,Grace Chen Shu-Fang
2133,Ayo Edebiri
2134,Oscar Levant
2135,Andrea Bacci
2136,Paul Briggs
2137,Chris Wedge
2138,River Phoenix
2139,Judah Friedlander
2140,Ned Beatty
2141,Paddy Considine
2142,Gina McKee
2143,Nadine Coyle
2144,Chris McKay
2145,Chic Daniel
2146,Vincent Gallo
2147,Issey Takahashi
2148,Ukee Washington
2149,Gemma Jones
2150,Joe Cheung Tung-Cho
2151,Jamie Kennedy
2152,Stephanie Sheh
2153,Jan Malmsjö
2154,Tom Hudson
2155,Wyatt Oleff
2156,Gene Gross
2157,Yves Barsacq
2158,John McVie
2159,Irene Bedard
2160,King Shih-Chieh
2161,Bill Sage
2162,Cliff Gorman
2163,Alain Cuny
2164,Neal Huff
2165,Christy Turlington
2166,Josh Stewart
2167,Bob Hoskins
2168,Natalie Wood
2169,Casey Affleck
2170,Paul Landers
2171,Cosmo Sardo
2172,Paul Brightwell
2173,Robert Beavers
2174,Gil Birmingham
2175,Anthony Leroy
2176,Mark Burns
2177,Joe Russo
2178,Jon McBride
2179,Takeshi Watabe
2180,Peter Mayhew
2181,Alejandro Jodorowsky
2182,Jeon Kuk-hwan
2183,Larry Bird
2184,Ossie Davis
2185,Louis Lyonnet
2186,Gorō Ōki
2187,Larry Mitchell
2188,Seth Green
2189,Helen McCrory
2190,Lee Yong-nyeo
2191,Bokuzen Hidari
2192,Jodi Benson
2193,Marcello Melo
2194,Hans Zimmer
2195,Richard Bright
2196,Jack Birkett
2197,David Ogden Stiers
2198,Andre Gregory
2199,Dick Cavett
2200,Sarah-Nicole Robles
2201,Warren Keith
2202,Peter Wight
2203,Mark Williams
2204,Ray Collins
2205,Katey Sagal
2206,P. Lynn Johnson
2207,Susan Kellermann
2208,Keisuke Horibe
2209,Fredrik Ohlsson
2210,Marissa Ribisi
2211,Larry Miller
2212,Irina Skobtseva
2213,George Maguire
2214,John Hillerman
2215,Riz Ahmed
2216,Harry Shannon
2217,Natalie Perrey
2218,Kimihiro Reizei
2219,Mathieu Kassovitz
2220,Lamberto Maggiorani
2221,James Handy
2222,Semen Svashenko
2223,Keith Jefferson
2224,Alice Braga
2225,Julia Stiles
2226,Michael Imperioli
2227,Nedrick Young
2228,Greg Wood
2229,Arthur Malet
2230,Liam Dunn
2231,Kal Penn
2232,Kieran Culkin
2233,Henry Gibson
2234,James N. Harrell
2235,Michel Subor
2236,Brian O'Halloran
2237,Justin Vernon
2238,Akira Ōizumi
2239,Joan Chen
2240,Mike Quinn
2241,Aurore Clément
2242,Ben Kingsley
2243,David Alan Barclay
2244,Kazuki Kitamura
2245,Julian Hilliard
2246,Karin Konoval
2247,Eddie Jemison
2248,Ethan Embry
2249,Kumar Pallana
2250,Karl Urban
2251,Florence Pugh
2252,Eliotte Woodford
2253,Martin Ferrero
2254,Thomas Jay Ryan
2255,Manuel Giusti
2256,Tom Noonan
2257,Édith Scob
2258,Bill Wise
2259,Dale Dye
2260,Ashley Tisdale
2261,Togo Igawa
2262,Soumitra Chatterjee
2263,Antonina Shuranova
2264,Yukio Horikita
2265,Fortunio Bonanova
2266,Victor Wong
2267,Jake Hoffman
2268,Robert Hardy
2269,Gianni Russo
2270,Terry Walters
2271,Lisa Ratzin
2272,Brian Cox
2273,Symon Basterfield
2274,Maurice LaMarche
2275,Ralph Bellamy
2276,Richard Sammel
2277,Junichi Suwabe
2278,William Melling
2279,El Hedi ben Salem
2280,Tom Hollander
2281,Raymond Anthony Thomas
2282,Suzie Toase
2283,Louis Tomlinson
2284,Waris Ahluwalia
2285,Melissa Lyons
2286,Nathan Fillion
2287,John Patrick Amedori
2288,Hideo Kanze
2289,Tam Bing-Man
2290,Shinzō Shibata
2291,Imelda Staunton
2292,Bulle Ogier
2293,Leon Vitali
2294,Mona Lee Fultz
2295,Tatsuyoshi Ehara
2296,Zhubin Li
2297,Anders Danielsen Lie
2298,John Lurie
2299,Adam Goldberg
2300,Tye Sheridan
2301,Elizabeth Reaser
2302,Verna Felton
2303,Richard Beymer
2304,Joe Mantell
2305,Chuck Roberson
2306,Sarah Clarke
2307,Reshma Gajjar
2308,Beulah Bondi
2309,Toshio Matsuda
2310,Dorothy Appleby
2311,Matt Lucas
2312,Louis Koo
2313,Rikiya Koyama
2314,Adrien Brody
2315,Jacques Demy
2316,Al Leong
2317,Wata
2318,Al Strobel
2319,Mike Judge
2320,Ke Huy Quan
2321,Margie Skidmore
2322,Larry Hankin
2323,Rhett LaRue
2324,Han Ying-Chieh
2325,Cardi B
2326,Han Sanming
2327,Peter Robbins
2328,David Lee Smith
2329,Ellen Geer
2330,Barry Dennen
2331,Jeff O'Haco
2332,Anna Karina
2333,Kathryn Hunter
2334,Richard Lineback
2335,Kenneth Colley
2336,Ryan Dunn
2337,Peter Fain
2338,Corbin Bleu
2339,Pat Moran
2340,Tim Meadows
2341,Eva Kotamanidou
2342,Russ Tamblyn
2343,Brittany Murphy
2344,Billy Crystal
2345,Pat West
2346,Katie Leung
2347,Linda Cardellini
2348,Monique Ganderton
2349,Sanjeev Bhaskar
2350,Satish Shah
2351,Lily Tomlin
2352,Sakura Ando
2353,Michael Harney
2354,Diane Salinger
2355,Mark Gatiss
2356,Tomas Arana
2357,Roger L. Jackson
2358,Brent McGee
2359,Selma Blair
2360,John Heard
2361,Peter Capell
2362,Viktor Murganov
2363,Stuart McQuarrie
2364,Benicio del Toro
2365,Jack Douglass
2366,Graham Chapman
2367,Jack McKenzie
2368,Fudeko Tanaka
2369,Joe Unger
2370,José Marinho
2371,Maximiliano Hernández
2372,Shaun O'Hagan
2373,Chris Shields
2374,Chelcie Ross
2375,Miguel Pérez
2376,Warren Clarke
2377,Joe Brooks
2378,Sir Lancelot
2379,Peter Linari
2380,Leah Adler
2381,Chris Sarandon
2382,Kyōko Kagawa
2383,Elma Karlowa
2384,John Quentin
2385,Debi Mazar
2386,Rose McGowan
2387,Sara Rue
2388,Chika Kuboyama
2389,Park Hae-il
2390,Charito Solis
2391,Christopher Plummer
2392,Tom Felton
2393,George Reeves
2394,Aldo Sambrell
2395,Josh Pence
2396,Patricia Collinge
2397,Kisho Taniyama
2398,Jake Johnson
2399,Cindy Katz
2400,Fumie Kitahara
2401,Kasi Lemmons
2402,Kiyome Takemura
2403,Christopher Jackson
2404,Neyle Morrow
2405,Billy Burke
2406,Alison Folland
2407,Shunsuke Kubozuka
2408,John Fiedler
2409,Dan Hicks
2410,Elvis Tsui Kam-Kong
2411,Takayuki Suzuki
2412,Giancarlo Giannini
2413,Haruko Toyama
2414,Devon Murray
2415,Graham Jarvis
2416,Cohen Holloway
2417,Robert Clohessy
2418,Joe Spinell
2419,Yuko Miyamura
2420,Kim Sae-byuk
2421,Isabel Ruth
2422,Brian Delate
2423,Simon Yu Sai-Tang
2424,Annie McEnroe
2425,Laurent Winkler
2426,Gilles Quéant
2427,Hachiro Okuni
2428,Preston Lacy
2429,John Savage
2430,Jean-Pierre Posier
2431,Yaphet Kotto
2432,Victor Garber
2433,Christopher Knights
2434,Harry Lennix
2435,Susanne Lothar
2436,Sean Stone
2437,Mama Hung
2438,Heath Ledger
2439,Buck Henry
2440,Holmes Osborne
2441,Woo Ki-hong
2442,Melora Walters
2443,Armen Garo
2444,Kamatari Fujiwara
2445,Monica Vitti
2446,Sophie Tellier
2447,Sakda Kaewbuadee
2448,Yuriko Fuchizaki
2449,Chris Pedersen
2450,Neil Pearson
2451,Neil Innes
2452,Mark O'Brien
2453,Bryan Cranston
2454,Gary Hershberger
2455,Thomas Kopache
2456,Art Hindle
2457,Jasmin Savoy Brown
2458,Jackie Cooper
2459,Will Wallace
2460,Isabella Laughland
2461,Garrick Hagon
2462,Michael Biehn
2463,Michael Shamus Wiles
2464,Forest Whitaker
2465,João César Monteiro
2466,Yura Borisov
2467,America Ferrera
2468,Frank Faylen
2469,Lee Patrick
2470,Erik Kilpatrick
2471,Vincent Riotta
2472,Jeannie Berlin
2473,John Legend
2474,Porter Hall
2475,Lola Kirke
2476,Eric Stoltz
2477,Seymour Cassel
2478,Monte Landis
2479,Marisa Tomei
2480,Leslie Carlson
2481,Kazuo Kitamura
2482,Stefan Gierasch
2483,Heath McIvor
2484,Ed Kear
2485,Kenta Miyake
2486,Giulietta Masina
2487,Agnès Varda
2488,Mackenzie Crook
2489,Beverly Bonner
2490,Ian Pirie
2491,Lee Marvin
2492,John Cassavetes
2493,Walid Afkir
2494,Pat Roach
2495,Blue Ivy Carter
2496,Aaron Lazar
2497,Gene Kelly
2498,Orlando Bloom
2499,Jon Voight
2500,Jeremy Davies
2501,Jerome Ranft
2502,Ken Yasuda
2503,Denis Leary
2504,Will Oldham
2505,Erik von Detten
2506,Fernanda Montenegro
2507,Freddie Prinze Jr.
2508,Hisashi Igawa
2509,Alison Elliott
2510,James D'Arcy
2511,Nick Castle
2512,Tommy Hollis
2513,Karan Kendrick
2514,Choi Min-sik
2515,Yūzō Kayama
2516,Richard Hunt
2517,Daniel Day-Lewis
2518,Chester Conklin
2519,Justin Theroux
2520,Clay Donahue Fontenot
2521,Till Lindemann
2522,Bert Remsen
2523,Anjelica Huston
2524,Tom Skerritt
2525,Michael Zegen
2526,Daniel Cudmore
2527,Uma Thurman
2528,Freddie Jones
2529,Bill Nunn
2530,Wong Tin-Lam
2531,Doug Nicholas
2532,Kentucker Audley
2533,Jack O'Connell
2534,Jung So-min
2535,Mark Rolston
2536,Barbara Garrick
2537,Jack Thibeau
2538,Gary Houston
2539,Paul Mescal
2540,Olivia Williams
2541,Charlotte Zucker
2542,Johnny Simmons
2543,Rintaro Nishi
2544,Tommy Lister Jr.
2545,Ben Gazzara
2546,Yuki Kazamatsuri
2547,Karen Duffy
2548,Richard Bakalyan
2549,Sheri Moon Zombie
2550,Bo Svenson
2551,Rick Ducommun
2552,P. J. Soles
2553,Nobuyuki Suzuki
2554,Greg Iguchi
2555,James Shanklin
2556,Bruno Kirby
2557,Dirk Blocker
2558,Demetri Goritsas
2559,Sunshine Parker
2560,Akihiro Tomikawa
2561,Marcia DeBonis
2562,Brent Briscoe
2563,Veronica Cartwright
2564,Karen Allen
2565,Chan Ming-Wai
2566,David Byrne
2567,Jeff Tremaine
2568,Joie Lee
2569,Lu Yi-ching
2570,Harriet Sansom Harris
2571,Shaun Dooley
2572,Boris Zakhava
2573,Ed Peranio
2574,Yang Kuei-mei
2575,Martin Dew
2576,Gio Gahol
2577,James Warren
2578,Eleanor Zee
2579,Ding Yue
2580,Ariel Winter
2581,Alexander Folk
2582,Melissa McMeekin
2583,Kenneth Utt
2584,Britt Stewart
2585,Rena Riffel
2586,Yves Montand
2587,Dorothée Blanck
2588,Rudy Bond
2589,Joe Pantoliano
2590,Heather Langenkamp
2591,Branko Samarovski
2592,Tecla Scarano
2593,Angus MacInnes
2594,Patrick Fugit
2595,Cara Seymour
2596,David Clennon
2597,Dash Mihok
2598,Haruo Tanaka
2599,Jack Warden
2600,Saki Fujita
2601,Mike Genovese
2602,Andrew Stanton
2603,Frederic Forrest
2604,Randall Duk Kim
2605,Christopher Berry
2606,TAKAHIRO
2607,Chen Shiang-Chyi
2608,Pat Healy
2609,Kathryn Hahn
2610,Michael Palin
2611,Randy Quaid
2612,Keiji Sada
2613,David Arkin
2614,James Coburn
2615,Angela Burnett
2616,Patton Oswalt
2617,Helen Kim
2618,Jim Varney
2619,Bill E. Rogers
2620,Kate Siegel
2621,Hugh Griffith
2622,Joshua Mikel
2623,Joe Bays
2624,Sean Gunn
2625,Sean Astin
2626,Victor Argo
2627,Jon Briddell
2628,Royngtt
2629,José Luis de Vilallonga
2630,Carey Mulligan
2631,Kai Lennox
2632,Fisher Stevens
2633,Pyotr Savin
2634,Kyôko Kishida
2635,Melanie Lynskey
2636,Barry Corbin
2637,John Doumanian
2638,Jacqueline Bassett
2639,Lauren Lee Smith
2640,Pieter Lutz
2641,Masao Shimizu
2642,Eugene Pallette
2643,Jason Robards
2644,Jonathan Hyde
2645,Lee Jung-eun
2646,Chika Sakamoto
2647,Takahiro Nishijima
2648,Jeremy Theobald
2649,Greg Travis
2650,Ludmilla Tchérina
2651,Margo Winkler
2652,Ivan Turchenkov
2653,Tim Allen
2654,Lisa Kreuzer
2655,Taiki Sato
2656,David Rowlands
2657,Hu Jun
2658,Linda Manz
2659,Joe Dallesandro
2660,Philip Suriano
2661,Ian Holm
2662,Mia Farrow
2663,David Schofield
2664,Gregory Sporleder
2665,Bruce Dern
2666,Richard Schiff
2667,Allen Garfield
2668,Dean Dobbs
2669,Sharon Horgan
2670,Hirofumi Nojima
2671,Cookie Mueller
2672,Randy Crenshaw
2673,Franklin Pangborn
2674,Diogo Dória
2675,Steve Whitmire
2676,Nao Ômori
2677,Barry Keoghan
2678,Michael Parks
2679,Charles A. Tamburro
2680,Oliver Phelps
2681,James Woods
2682,Yuji Okumoto
2683,Maurice Bénichou
2684,Barbara Luddy
2685,Mahershala Ali
2686,James Wilby
2687,Andrea Hays
2688,Deborah Offner
2689,Unsho Ishizuka
2690,Jim Lampley
2691,Richard Harris
2692,Tang Wei
2693,André Dussollier
2694,Brad Garrett
2695,Jang Hye-jin
2696,Iwae Arai
2697,Susan Barnes
2698,Rosamund Pike
2699,Mitsuo Iwata
2700,Jean Bouise
2701,Peter Savage
2702,Daniel Mays
2703,Akiji Kobayashi
2704,Daniel Mendaille
2705,Karl Scheydt
2706,Barbet Schroeder
2707,Guillaume Aretos
2708,Elaine Jin Yan-Ling
2709,Ed Herlihy
2710,Marcia Jean Kurtz
2711,Carlton Lee Russell
2712,Theresa Watson
2713,Stratos Pahis
2714,Albert Hall
2715,Rick Kosick
2716,Estelle Harris
2717,Berg Ng Ting-Yip
2718,Jorge-Luis Pallo
2719,Jeff Anderson
2720,Emanuela Fanelli
2721,John Qualen
2722,Thom Hoffman
2723,G. D. Spradlin
2724,Nicola Roberts
2725,Tomisaburō Wakayama
2726,Olivia Colman
2727,David Arquette
2728,Andrew Shim
2729,Keijirō Morozumi
2730,Anthony Holland
2731,Edmond O'Brien
2732,Johnny Williams
2733,John Rue
2734,Victoria Pedretti
2735,Wesley Addy
2736,Julian Reyes
2737,Jim McLarty
2738,Christopher Adamson
2739,Toshie Kokabu
2740,Fran Lebowitz
2741,Daisuke Katō
2742,Dewey Martin
2743,Mitch Rowland
2744,Chang Chen
2745,Joe Hahn
2746,Eddie Constantine
2747,Masami Taura
2748,Shiori Mikami
2749,Alexandra Shipp
2750,Akihiro Ugajin
2751,Tyne Daly
2752,Jack Purvis
2753,John Enos III
2754,Anatoliy Solonitsyn
2755,Everett McGill
2756,Jin
2757,James Tolkan
2758,Richard King
2759,Jed Rees
2760,Roger Guenveur Smith
2761,Rose Arrick
2762,Jordana Spiro
2763,Ulrich Mühe
2764,Alan Bates
2765,Scott H. Reiniger
2766,Richard Roundtree
2767,Elsa Raven
2768,Jean-Pierre Cassel
2769,Michael Countryman
2770,Torsten Lilliecrona
2771,Cristina Galbó
2772,Harcourt Williams
2773,Louis Leubas
2774,François Maistre
2775,Woody Strode
2776,Wayne Knight
2777,Christian Lorenz
2778,Leopoldo Trieste
2779,Mark Rylance
2780,Peter Sellers
2781,Yūnosuke Itō
2782,Yu Aoi
2783,Beth Grant
2784,Chris Pontius
2785,Liv Ullmann
2786,Anthony N.
2787,Eijirō Tōno
2788,Archie Hahn
2789,Shirley Stoler
2790,Gaston Modot
2791,Nicholas Hoult
2792,Dona Hardy
2793,Colin Woodell
2794,Charlotte Rampling
2795,Yoji Tanaka
2796,Lukas Haas
2797,Leon Niemczyk
2798,Gary Trousdale
2799,Lawrence Makoare
2800,Tetsuya Iwanaga
2801,Charles Denner
2802,Jack Dylan Grazer
2803,Shuntaro Tamamura
2804,Hank Worden
2805,Lam Foo-Wai
2806,Gerry Robert Byrne
2807,Nancy Kyes
2808,Sheryl Lee
2809,Frank Cavestani
2810,Edward Fletcher
2811,Liv Corfixen
2812,Ryunosuke Kamiki
2813,Taylor Lautner
2814,Sarah Douglas
2815,Elizabeth Wilson
2816,Linn Ullmann
2817,Tony Revolori
2818,Ron Rifkin
2819,Julie Dreyfus
2820,Andie MacDowell
2821,Warren Beatty
2822,Toddy Walters
2823,Wagner Moura
2824,Joe Fria
2825,Jennifer Rubin
2826,Riki Lindhome
2827,Garret Dillahunt
2828,Jacques Perrin
2829,Fares Fares
2830,Electra Avellan
2831,Michael Bryant
2832,Marcus Henderson
2833,Sydney Lassick
2834,Allan Corduner
2835,Christopher J. Keene
2836,Bradley Gregg
2837,Yoshio Tsuchiya
2838,Todd Hansen
2839,Adepero Oduye
2840,Lung Sihung
2841,Oliver Ford Davies
2842,Norman Chancer
2843,Masayuki Yui
2844,Mike Starr
2845,Tobey Maguire
2846,Ki Hong Lee
2847,Peter Bonerz
2848,Anthony Guidera
2849,Alex Bisping
2850,Peter Cullen
2851,Isabel Cardoso
2852,Steven Berkoff
2853,Jung Jae-young
2854,Zendaya
2855,Kevin Spacey
2856,James Mane Jr.
2857,Izumi Hara
2858,Jon Polito
2859,Ashley Judd
2860,Minna Gombell
2861,Don Steele
2862,Abraham Aronofsky
2863,Peter Graves
2864,Ray Liotta
2865,Cliff Robertson
2866,Thurl Ravenscroft
2867,Nozomu Sasaki
2868,Ingrid Bergman
2869,Sylvia Kauders
2870,Ahn Seong-bong
2871,Masahiko Shimazu
2872,Lori Alan
2873,Andi Matichak
2874,Jack Champion
2875,Mackenzie Foy
2876,Anders Ek
2877,Wally Lavern
2878,Gen Shimizu
2879,Sydney Pollack
2880,Mickey O'Hagan
2881,Piotr Machalica
2882,Roger Corman
2883,Mary Lynn Rajskub
2884,Akira Tani
2885,Akira Sera
2886,Vyacheslav Tikhonov
2887,Grace Kelly
2888,Guy Henry
2889,Peter Gallagher
2890,Mary Astor
2891,Lisa Freeman
2892,Sarah Rose Karr
2893,Alan Howard
2894,William Hurt
2895,Sally Phillips
2896,Joe Jamrog
2897,Nancy O'Dell
2898,J.D. Evermore
2899,Saemi Nakamura
2900,Gene Canfield
2901,Ashlie Atkinson
2902,Peter Kern
2903,Ben Meyerson
2904,Gerry Becker
2905,Silas Carson
2906,Pavel Kornakov
2907,Pierre Clémenti
2908,Claudia Cardinale
2909,Richard Kind
2910,Rudolf Klein-Rogge
2911,Callan Mulvey
2912,Clémence Poésy
2913,Mikaela Hoover
2914,Billy Boyd
2915,Chris Cooper
2916,Ken Curtis
2917,Frances Bay
2918,Sandra Ellis Lafferty
2919,Gary Sinise
2920,Dana Andrews
2921,Billy Devlin
2922,Ami Koshimizu
2923,Ronee Blakley
2924,Simon McBurney
2925,Aoi Yuki
2926,C. Aubrey Smith
2927,George J. Manos
2928,Michael Cera
2929,Jason 'Wee Man' Acuña
2930,Billie Whitelaw
2931,Michael Cusack
2932,Steve Witting
2933,Gastone Moschin
2934,Taylor Swift
2935,Maria Hofstätter
2936,Kirin Kiki
2937,Tobe Hooper
2938,Charlize Theron
2939,Shirou Saitou
2940,Rick Moranis
2941,Tim Roth
2942,Nell Campbell
2943,Gregg Bello
2944,Vasilis Tsaglos
2945,Brian Libby
2946,François Périer
2947,Tony Plana
2948,Barnard Hughes
2949,Austin Butler
2950,Lulu Wilson
2951,Terri Parks
2952,Shih Chun
2953,Fionnula Flanagan
2954,Sam Waterston
2955,Sasha Spielberg
2956,Clark Middleton
2957,Mike Nussbaum
2958,Ellora Torchia
2959,Bryce Romero
2960,Mardik Martin
2961,Jyonmyon Pe
2962,Danny Aiello
2963,Martin Sheen
2964,Alida Valli
2965,Frank Wood
2966,Piper Laurie
2967,Robin Bartlett
2968,Sean Cliver
2969,Anne Jackson
2970,Debbie Reynolds
2971,Lori Cardille
2972,Ng Ming-Choi
2973,Gladys Cooper
2974,Beau Starr
2975,Gareth Snook
2976,Ashley Greene
2977,Hazel Orencio
2978,Eion Bailey
2979,Jordan Long
2980,Viggo Mortensen
2981,Danai Gurira
2982,Stephanie Hsu
2983,Norma Varden
2984,Paul Bisciglia
2985,Richard Foronjy
2986,Oh Dal-su
2987,Mark Boone Junior
2988,Brock Peters
2989,Liv Tyler
2990,Claude Rains
2991,Jennifer Saunders
2992,Patrick Leahy
2993,Yoriko Doguchi
2994,Tony Devon
2995,Sherilyn Fenn
2996,Hong Chau
2997,Freddie Mercury
2998,Balthazar Getty
2999,Fred Draper
3000,Robert Katims
3001,Bob Skidmore
3002,Julie Maddalena
3003,Daniel P. Conte
3004,Sebastien Torkia
3005,Michael Badalucco
3006,Vladimir Uralskiy
3007,Mike Moroff
3008,Naima Wifstrand
3009,Yu Shimamura
3010,Andrew Brackfield
3011,Dave Foley
3012,Nora Ricci
3013,Kenneth Lonergan
3014,Paul F. Tompkins
3015,Gabrielle Union
3016,Allan Graf
3017,John Nolan
3018,Doon Mackichan
3019,Justin Benson
3020,Timothy Patrick Quill
3021,Adam Brody
3022,LaKeith Stanfield
3023,Tim Rose
3024,Armie Hammer
3025,Rob Bourdon
3026,Rowan Atkinson
3027,Takashi Naito
3028,John Paxton
3029,Chris Rankin
3030,Christopher Meloni
3031,Niall Horan
3032,Carrie-Anne Moss
3033,Olesya Rulin
3034,Toru Tezuka
3035,Yuri Lowenthal
3036,Rhea Perlman
3037,Nathan Prevost
3038,Rudolf Schündler
3039,Benny Safdie
3040,Eric Chase Anderson
3041,Wes Bentley
3042,Frances Conroy
3043,Shōichi Hirose
3044,Noah Taylor
3045,Elise Avellan
3046,Tetsuo Torisu
3047,Peter Falk
3048,Chris Doubek
3049,Kanji Tsuda
3050,Ted Grossman
3051,Mike Myers
3052,Ted Levine
3053,Hans Helm
3054,Kyle Eastwood
3055,Ben Whishaw
3056,Yoshimasa Hosoya
3057,Peter Mullan
3058,Bo Burnham
3059,Denis Lawson
3060,Maryann Plunkett
3061,Michele Austin
3062,Flea
3063,Lea Thompson
3064,Rachel Ticotin
3065,Norman Burton
3066,Alfred Molina
3067,Betsy Russell
3068,Irrfan Khan
3069,Paul Willson
3070,Adam Brown
3071,R. Lee Ermey
3072,Lacey Chabert
3073,Vinny Curran
3074,Lee Remick
3075,Melissa Barrera
3076,Brian Doyle-Murray
3077,Jharrel Jerome
3078,Jean Hagen
3079,Damon Hines
3080,Shaun Weiss
3081,Muni
3082,Dave Farrell
3083,Cleo King
3084,Stanley B. Herman
3085,Frank Gio
3086,Larry Pine
3087,Grant Mitchell
3088,Tom Towles
3089,Austin R. Grant
3090,Otis Winston
3091,Benito Stefanelli
3092,William Preston Robertson
3093,Jean Champion
3094,Joseph P. Reidy
3095,Leo G. Carroll
3096,Kazuo Kato
3097,Danielle Watson
3098,Frank Ridley
3099,Jeremy Wheeler
3100,Stevo Polyi
3101,Dan Hedaya
3102,Hank Friedmann
3103,Mely Mallari
3104,Stefania Sandrelli
3105,Mary Ellen Trainor
3106,Wilford Brimley
3107,Louis Guss
3108,Simone Signoret
3109,Mark Margolis
3110,Jimmie Ray Weeks
3111,Paul Calderon
3112,Rachel House
3113,Ray Romano
3114,Alyson Reed
3115,Suzanne Dewey
3116,Evan Rachel Wood
3117,Sam Bottoms
3118,Frank Silva
3119,Jay-Z
3120,Christine Baranski
3121,Neil Breen
3122,Jeffrey Donovan
3123,Brian Schaeffer
3124,Yoshitaka Zushi
3125,Stockard Channing
3126,Rafe Spall
3127,Kate Ashfield
3128,Damien Bonnard
3129,Junko Iwao
3130,Alan Williams
3131,Miranda Otto
3132,Lee Yiu-King
3133,Kimmy Robertson
3134,Gerardo Davila
3135,Casey Siemaszko
3136,Doris Mattes
3137,Kamilah Marshall
3138,Matt Clark
3139,Keith Gordon
3140,Don Hertzfeldt
3141,Logan Marshall-Green
3142,Dean Norris
3143,Andre B. Blake
3144,Bronson Webb
3145,Catherine Scorsese
3146,Dora Madison
3147,Ichirō Nakatani
3148,Marybeth Spychalski
3149,Caitlin MacBride
3150,Wes Studi
3151,Elizabeth Deering
3152,Kumeko Otowa
3153,Motoharu Tamura
3154,Paul Fix
3155,JISOO
3156,Ikio Sawamura
3157,Josh Cooley
3158,Anthony Peck
3159,George Lee Miles
3160,Isabella Rossellini
3161,Kenneth Mars
3162,Brendan Sexton III
3163,Christoph Schneider
3164,David Prowse
3165,Jason Hervey
3166,Phoebe Augustine
3167,Zubin Mehta
3168,Ranko Hanai
3169,Mia Goth
3170,Liam Hemsworth
3171,Kyōichi Satō
3172,Sam McMurray
3173,Craig muMs Grant
3174,Tony Hawk
3175,Kei Satō
3176,Ted Sorel
3177,George C. Scott
3178,Craig Ferguson
3179,Greg Grunberg
3180,Mikey Madison
3181,Spencer Treat Clark
3182,János Derzsi
3183,Tate Donovan
3184,Letitia Wright
3185,Motomu Kiyokawa
3186,Brian Markinson
3187,Peter Coyote
3188,Takumi Saitoh
3189,Lesley Manville
3190,Michiyo Aratama
3191,Luminița Gheorghiu
3192,Tracy Letts
3193,Ryan O'Neal
3194,Stephen Tobolowsky
3195,Carel Struycken
3196,Christian Pelissier
3197,Tere Livrano
3198,Allyn Ann McLerie
3199,Marty Feldman
3200,Hiro Yuuki
3201,Javier Bardem
3202,Ludmila Savelyeva
3203,"""Weird Al"" Yankovic"
3204,Ron Vawter
3205,Gerard Way
3206,Édouard Mathé
3207,Fernand Herrmann
3208,Kate Lyn Sheil
3209,Dave England
3210,Finn Wittrock
3211,Pino Patti
3212,Guy Boyd
3213,Minoru Chiaki
3214,Rich Hutchman
3215,Oliver Metzler
3216,Rodolphe Pauly
3217,Keith Carradine
3218,Violet McGraw
3219,Cathy O'Donnell
3220,Tom Kemp
3221,Doutzen Kroes
3222,George Harris
3223,Willie C. Carpenter
3224,Edwin Maxwell
3225,Patricia Clarkson
3226,Kevin Van Hentenryck
3227,Teri Garr
3228,Peter Crombie
3229,Don Fellows
3230,Bebe Neuwirth
3231,David Gulpilil
3232,Jefferson Hall
3233,Ellen Burstyn
3234,Rosamund Hanson
3235,Eihi Shiina
3236,Florence Kasumba
3237,Josh O’Connor
3238,Wu Chia-Hsiang
3239,Kappei Matsumoto
3240,Rosalie Crutchley
3241,Ewen Bremner
3242,Hitoshi Takagi
3243,Neve Campbell
3244,Nikita Hopkins
3245,Jeffrey Kramer
3246,Greta Lee
3247,Jemma Redgrave
3248,Jonathan Groff
3249,Shin Ōtomo
3250,Ian Coventry
3251,Christopher Guest
3252,Jon Hamm
3253,Joseph Pelling
3254,Murray Melvin
3255,Clemens Scheitz
3256,Nathan Fielder
3257,Will Geer
3258,Brian May
3259,Jamie McShane
3260,Simon Pegg
3261,Peter Donat
3262,Eduard Pavlíček
3263,Jerry Ziesmer
3264,Danny Huston
3265,E. E. Clive
3266,Barry Primus
3267,Victor Magnotta
3268,Shun Sugata
3269,Alessandro Serradimigni
3270,Sinead Matthews
3271,Lucas Grabeel
3272,Leib Lensky
3273,Terry Jones
3274,John Cazale
3275,Zdeněk Kryzánek
3276,Peter Capaldi
3277,Kam Hing-Yin
3278,Scott Glenn
3279,John Shum Kin-Fun
3280,F. Murray Abraham
3281,Lashana Lynch
3282,Bahare Seddiqi
3283,Nicolette Robinson
3284,Nell Fisher
3285,Gary Merrill
3286,Vikrant Massey
3287,Kate Hudson
3288,Megan Fox
3289,Maurice Evans
3290,Tandi Wright
3291,Moon Seung-ah
3292,Giorgio Cantarini
3293,Thomas Thieme
3294,Gregory Mann
3295,Chris Penn
3296,Álvaro Morte
3297,Burt Young
3298,John Megna
3299,Spencer Fox
3300,Paul A. Partain
3301,Jennifer Morrison
3302,Fernanda Torres
3303,Lyndsy Fonseca
3304,Mary Gibbs
3305,Nobuo Kaneko
3306,Jordan Nagai
3307,Richard White
3308,Sadie Frost
3309,Anshumaan Pushkar
3310,Ving Rhames
3311,Greg Kinnear
3312,Olivia DeJonge
3313,Thomas Brodie-Sangster
3314,Nina Hoss
3315,Stacey Dash
3316,David Spade
3317,Ty Simpkins
3318,Simon Rex
3319,Lee Sun-kyun
3320,Allen Danziger
3321,Kim Roi-ha
3322,Louise Fletcher
3323,William Moseley
3324,Nancy Olson
3325,Jason Clarke
3326,Janelle Monáe
3327,Michael Paré
3328,Mélissa Désormeaux-Poulin
3329,Alexandra Maria Lara
3330,Eric André
3331,Jessie Royce Landis
3332,Eleanor Parker
3333,Hayden Panettiere
3334,Mary Stuart Masterson
3335,Olivia Luccardi
3336,Joe Gabler
3337,Rabah Nait Oufella
3338,Steve McQueen
3339,Daisy Ridley
3340,Kim Byeong-ok
3341,Roshan Seth
3342,Swann Arlaud
3343,Ari Cohen
3344,Keir Gilchrist
3345,Freida Pinto
3346,Ezra Miller
3347,Bryce Dallas Howard
3348,Sophie Wilde
3349,Fionn Whitehead
3350,Dana Gaier
3351,Meng'er Zhang
3352,Peter Sohn
3353,Roberto Benigni
3354,Kelly Lai Chen
3355,Munetaka Aoki
3356,Constance Wu
3357,Jessica Darrow
3358,Phillip Alford
3359,Lili Taylor
3360,Arliss Howard
3361,Rory Cochrane
3362,Anne Bancroft
3363,Valeria Cotto
3364,Claire Foy
3365,Kate Capshaw
3366,Ann Miller
3367,Zach Galifianakis
3368,Adolphe Menjou
3369,Wiley Wiggins
3370,Simon Callow
3371,Stephen Boyd
3372,Rajisha Vijayan
3373,Shriya Saran
3374,Tisca Chopra
3375,Akemi Yamaguchi
3376,Jennifer Connelly
3377,Alan Ruck
3378,Sacha Baron Cohen
3379,Joseph Quinn
3380,Flavio Bucci
3381,Zorion Eguileor
3382,Ken Davitian
3383,Ingrid Thulin
3384,Sadie Sink
3385,Patricia Quinn
3386,Laura Ramsey
3387,Reginald Gardiner
3388,Will Sharpe
3389,Tatsuya Mihashi
3390,William Sylvester
3391,Michael Dorman
3392,Andrew Dice Clay
3393,Thomas Mann
3394,Mahesh Manjrekar
3395,Bob Newhart
3396,Kensho Ono
3397,Vilhelm Blomgren
3398,Ron Perlman
3399,Brenda Blethyn
3400,Masayuki Mori
3401,Alison Sudol
3402,Simon Baker
3403,Bria Vinaite
3404,Phaldut Sharma
3405,Austin Amelio
3406,Thomasin McKenzie
3407,Nicholas Galitzine
3408,Alanna Ubach
3409,Stanley Simons
3410,Liubomiras Laucevicius
3411,Shahadi Wright Joseph
3412,Marisa Berenson
3413,Bonnie Bedelia
3414,Gena Rowlands
3415,Kristen Connolly
3416,Ellen Widmann
3417,Leslie Odom Jr.
3418,Karla Sofía Gascón
3419,John Malkovich
3420,Alexander Godunov
3421,Elizabeth Berridge
3422,David Jonsson
3423,Romain Guillermic
3424,Daniella Kertesz
3425,Taylor Zakhar Perez
3426,Kensington Tallman
3427,Justin Baldoni
3428,Brian Howe
3429,Jonathan Freeman
3430,Phoebe Waller-Bridge
3431,Brian Tyree Henry
3432,Shahab Hosseini
3433,Dan Byrd
3434,Paul Ritter
3435,Haley Joel Osment
3436,Jessica Sula
3437,Ludi Boeken
3438,Matthew Macfadyen
3439,André Berley
3440,Annika Wedderkopp
3441,Autumn Best
3442,Matthew Patrick Davis
3443,Sally Field
3444,Peter Jacobson
3445,Leila Hatami
3446,Adil Hussain
3447,Mandy Moore
3448,Aaron Ruell
3449,Micah Abbey
3450,Ester Dean
3451,Emmanuelle Béart
3452,Kim Novak
3453,Judith Anderson
3454,Sō Yamamura
3455,Brahim Hadjadj
3456,David Harbour
3457,Hayley Mills
3458,Jake Lloyd
3459,Fred Melamed
3460,Enzo Vogrincic
3461,Sam Worthington
3462,Hope Lange
3463,Rade Šerbedžija
3464,Cho Yeo-jeong
3465,Hümeyra
3466,Robert MacNaughton
3467,Mark Eydelshteyn
3468,Matthew Broderick
3469,Teo Yoo
3470,Amy Ryan
3471,Dane DeHaan
3472,Joan Allen
3473,Clifton Collins Jr.
3474,Fadi Kamel Yousef
3475,Tuva Novotny
3476,Miranda Cosgrove
3477,Sam Claflin
3478,Patrick Swayze
3479,Tommy Lee Jones
3480,Zlatko Burić
3481,Jeremy Renner
3482,Beanie Feldstein
3483,Isabela Merced
3484,Susse Wold
3485,Annie Parisse
3486,Lee Jung-hyun
3487,Jean Reno
3488,Kyra Sedgwick
3489,Soledad Villamil
3490,Megan Burns
3491,Julia Louis-Dreyfus
3492,Jennifer Aniston
3493,Edgar Ramírez
3494,James Garner
3495,Asher Angel
3496,Ken Watanabe
3497,Daniel Henney
3498,Ben Hardy
3499,Lorraine Bracco
3500,Noah Jupe
3501,Kang Hye-jung
3502,Jason Momoa
3503,Mark Bonnar
3504,Vittorio Antonucci
3505,Maximilian Schell
3506,Danny Deferrari
3507,Jack Haley
3508,Brian Gleeson
3509,Laura Linney
3510,Roger Bart
3511,Carrie Preston
3512,Felicity Jones
3513,Mami Koyama
3514,Charley Grapewin
3515,Youn Yuh-jung
3516,Yoshiko Shinohara
3517,Grace Delaney
3518,Jack Reynor
3519,Valeria Golino
3520,Lee J. Cobb
3521,Allen Leech
3522,Edward Hamilton-Clark
3523,Rhys Ifans
3524,Roy Dotrice
3525,Justin Bartha
3526,Jovan Adepo
3527,Eugène Silvain
3528,Blake Lively
3529,Bob Barr
3530,Phillipa Soo
3531,Kerry Washington
3532,Nate Torrence
3533,Oliver Cooper
3534,Mae Whitman
3535,Dimple Kapadia
3536,Hattie McDaniel
3537,Elsie Fisher
3538,Daniel Richter
3539,Betsy Baker
3540,Pamela Anderson
3541,Bryan Doo
3542,Aldis Hodge
3543,Dimiter D. Marinov
3544,Lijomol Jose
3545,Alicia Silverstone
3546,Cailee Spaeny
3547,Michaela Jaé Rodriguez
3548,Gwilym Lee
3549,Jojo T. Gibbs
3550,Jean Heather
3551,Alfie Allen
3552,Fred Willard
3553,Kazuko Shibata
3554,Gloria Foster
3555,Eric Idle
3556,Akiko Takeshita
3557,Josh Keaton
3558,Edward Arnold
3559,Charlie Cox
3560,Patricia Neal
3561,James Gammon
3562,Taraji P. Henson
3563,Bob Gunton
3564,Jason Miller
3565,Yuki Amami
3566,Helena Howard
3567,Elizabeth Rodriguez
3568,Daniel Radcliffe
3569,Jonathan Majors
3570,Norm Macdonald
3571,Ansel Elgort
3572,Nathalie Baye
3573,Josh Hartnett
3574,Mone Kamishiraishi
3575,Suzanne Cryer
3576,James Duval
3577,Tom Berenger
3578,Brian H. Dierker
3579,Marco Leonardi
3580,Bridget Fonda
3581,Jamel Debbouze
3582,Leslie Howard
3583,Stephen Rea
3584,Ryo Narita
3585,Benjamin Bratt
3586,Jeanne Bates
3587,Bárbara Luz
3588,Jonny Brugh
3589,Kim Tae-ri
3590,John Krasinski
3591,Çetin Tekindor
3592,Joe Alwyn
3593,Elaine Hendrix
3594,Eva Green
3595,Cleopatra Coleman
3596,Pierce Brosnan
3597,Millie Bobby Brown
3598,Sterling K. Brown
3599,Akira Terao
3600,Phyllis Diller
3601,Tom McCamus
3602,Brigitte Helm
3603,Daisuke Ryū
3604,Daveed Diggs
3605,Miles Gutierrez-Riley
3606,Pitobash
3607,Donald Glover
3608,Treat Williams
3609,Audrey Tautou
3610,Joe Bird
3611,Richard Armitage
3612,James Nesbitt
3613,Cheech Marin
3614,Hyein Park
3615,Judith Roberts
3616,Lily-Rose Depp
3617,Luenell
3618,Chiwetel Ejiofor
3619,Peter Greene
3620,Michael Ajao
3621,C.J. Wilson
3622,Richard Haydn
3623,Keke Palmer
3624,Harvey Guillén
3625,Alexandra Masangkay
3626,Tim Blake Nelson
3627,Andrew Koji
3628,Thomas Kretschmann
3629,O'Shea Jackson Jr.
3630,Eriko Tanaka
3631,Frank Finlay
3632,Bill Irwin
3633,Stephen Baldwin
3634,Kelly Macdonald
3635,Ronald Lacey
3636,John Lithgow
3637,Kim Basinger
3638,Evangeline Lilly
3639,Georgie Henley
3640,Diego Luna
3641,Aamir Khan
3642,Zooey Deschanel
3643,Fred MacMurray
3644,Olan Prenatt
3645,Sandra Hüller
3646,Charlotte d'Amboise
3647,Wil Wheaton
3648,Henry Bergman
3649,Lianella Carell
3650,Callum Turner
3651,Christopher Rivera
3652,Tabu
3653,Corey Stoll
3654,Julia Fox
3655,Jean Martin
3656,Don Cheadle
3657,Ken Leung
3658,Ralph Meeker
3659,Mary Badham
3660,Joshua Leonard
3661,Yuriko Ishida
3662,Steve Zahn
3663,Jeremy Sisto
3664,Rosalie Chiang
3665,Scott Adsit
3666,Jenny Slate
3667,Carl Duering
3668,Andrew Scott
3669,Jean Smart
3670,Keiko Toda
3671,David Huddleston
3672,Taylor Russell
3673,William Sadler
3674,Ayush Tandon
3675,Joel Fry
3676,Luàna Bajrami
3677,Henry Cavill
3678,John Doman
3679,Paul Hörbiger
3680,Héctor Elizondo
3681,Trevor Morgan
3682,Hugh Keays-Byrne
3683,Erwin Connelly
3684,Havana Rose Liu
3685,Cristin Milioti
3686,Amara Karan
3687,Macaulay Culkin
3688,Sarah Silverman
3689,Christopher Carley
3690,Jessica Williams
3691,Wendie Malick
3692,Morena Baccarin
3693,Vanessa Bauche
3694,Paul Freeman
3695,Gabriel LaBelle
3696,Jay Ryan
3697,Stu Rutherford
3698,Teri McMinn
3699,Tiny Sandford
3700,Georgina Campbell
3701,Johanna Hofer
3702,Otto Wernicke
3703,Hilary Swank
3704,George Tokoro
3705,Richard Madden
3706,Rémy Girard
3707,Toko Miura
3708,María Cecilia Botero
3709,Valeriia Karaman
3710,Gautam Belur
3711,Gloria Swanson
3712,Isiah Whitlock Jr.
3713,Matías Recalt
3714,Siu Ping-Lam
3715,Jodie Comer
3716,Peter Riegert
3717,Martina Gedeck
3718,Awkwafina
3719,Michael C. Williams
3720,Renee Victor
3721,Kerry O'Malley
3722,Brian Dennehy
3723,Julian Dennison
3724,Charles Parnell
3725,Ginnifer Goodwin
3726,Valerie Chow Kar-Ling
3727,Halle Bailey
3728,Rosie Perez
3729,Xochitl Gomez
3730,Barton MacLane
3731,Brett Cullen
3732,Lio Tipton
3733,Vipin Sharma
3734,Heather Matarazzo
3735,Katharine Ross
3736,Glenn Shadix
3737,Maria Bello
3738,Shila Ommi
3739,Jullan Kindahl
3740,Joey Lauren Adams
3741,Calah Lane
3742,Şerif Sezer
3743,Gay DeForest
3744,Dylan Moran
3745,Manikandan
3746,Anika Noni Rose
3747,Hugh Grant
3748,Stephen Graham
3749,Amir Farrokh Hashemian
3750,Janel Parrish
3751,Frankie Corio
3752,Dean-Charles Chapman
3753,Ray Walston
3754,Robin de Jesús
3755,Fikret Kuşkan
3756,Omar Sharif
3757,Ruth Gordon
3758,Dayo Okeniyi
3759,Anne Baxter
3760,GaTa
3761,Véra Clouzot
3762,Han Ye-ri
3763,Tatsuya Gashûin
3764,Dorothy Comingore
3765,Anthony Edwards
3766,Temuera Morrison
3767,Seamus Davey-Fitzpatrick
3768,Fredric March
3769,Kevin McDonald
3770,Kim Hae-sook
3771,Maureen Lipman
3772,Diego Cortina Autrey
3773,Agustín Pardella
3774,Jack Kruschen
3775,Saïd Taghmaoui
3776,Anurag Kashyap
3777,Jake Lacy
3778,Vivien Leigh
3779,Matthew Davis
3780,Danny Lloyd
3781,Holt McCallany
3782,Yacef Saâdi
3783,Tom Blyth
3784,Suriya
3785,Jörgen Lindström
3786,Vinnie Jones
3787,Rod Steiger
3788,Thekla Reuten
3789,Libby Villari
3790,Michael Wincott
3791,Karen Mok Man-Wai
3792,Akira Ishihama
3793,Ray Bolger
3794,Bob Griffin
3795,Valentina Herszage
3796,Goran Višnjić
3797,Tracey Ullman
3798,Kaoru Kobayashi
3799,Christopher Eccleston
3800,Gina Carano
3801,John Boyega
3802,Isla Fisher
3803,Sebastian Maniscalco
3804,Albert Finney
3805,Storm Reid
3806,Logan Hawkes
3807,Malin Åkerman
3808,Gilbert Gottfried
3809,Patrick Warburton
3810,William Katt
3811,Rita Cortese
3812,Anthony Heald
3813,Tsutomu Tatsumi
3814,Angourie Rice
3815,Elizabeth Debicki
3816,Jessica Lange
3817,Patti LuPone
3818,Jurnee Smollett
3819,Ed O'Neill
3820,Karl Bruckschwaiger
3821,Caitríona Balfe
3822,Lionel Barrymore
3823,Payman Maadi
3824,E.G. Marshall
3825,Rita Tushingham
3826,Alison Pill
3827,Teresa Palmer
3828,Zachary Levi
3829,Cynthia Rhodes
3830,Corin Redgrave
3831,Herbert Grönemeyer
3832,Wendy Hiller
3833,Nobunaga Shimazaki
3834,Eden Dambrine
3835,Reika Kirishima
3836,Emily Blunt
3837,Liza Lapira
3838,Olivier Richters
3839,Sanjay Rao
3840,Barbara Hershey
3841,Ariana Grande
3842,Lin-Manuel Miranda
3843,Phellipe Haagensen
3844,Katy O'Brian
3845,Seth MacFarlane
3846,Jason Flemyng
3847,Raffey Cassidy
3848,Matthew Gray Gubler
3849,Jerry Orbach
3850,Kristen Bell
3851,Abbie Cornish
3852,Polly Draper
3853,Mary Steenburgen
3854,Milly Shapiro
3855,Kimiko Ikegami
3856,Moritz Klaus
3857,William Vail
3858,Byun Hee-bong
3859,Ricardo Darín
3860,Harry Myers
3861,André Holland
3862,Trevante Rhodes
3863,Peter Appel
3864,Hayley McElhinney
3865,Frank Morgan
3866,Michael Bates
3867,Kang Ha-neul
3868,Jeremy Allen White
3869,Catherine McCormack
3870,Hubertus Bengsch
3871,Shira Haas
3872,Allen Altman
3873,Robby Benson
3874,Farrah Mackenzie
3875,Noémie Merlant
3876,Lucy Boynton
3877,Stefania Casini
3878,Christian Convery
3879,Yoshino Kimura
3880,Molly Ringwald
3881,Mia Artemis
3882,Allen Joseph
3883,Myha'la
3884,Kathryn McGuire
3885,Raymond Burr
3886,Amanda Seyfried
3887,Danny McBride
3888,Jessie T. Usher
3889,Laïs Salameh
3890,Bethany Whitmore
3891,Emily Watson
3892,Sanya Malhotra
3893,Linda Hamilton
3894,Kaya Scodelario
3895,Elsa Lanchester
3896,Florence Lee
3897,Kylie Rogers
3898,Mena Suvari
3899,Gore Abrams
3900,Saleka Night Shyamalan
3901,Gustav De Waele
3902,Sam Elliott
3903,Henry Zaga
3904,Larisa Oleynik
3905,Gary Lydon
3906,Erick Avari
3907,Lee Jung-jae
3908,Sonoya Mizuno
3909,Maitreyi Ramakrishnan
3910,Sophie Thatcher
3911,Fatima Sana Shaikh
3912,Nicoletta Braschi
3913,Helen Thomson
3914,Bob Odenkirk
3915,Aoife Hinds
3916,Paul Henreid
3917,Terry Gilliam
3918,Omari Hardwick
3919,Paul Raci
3920,Sal Cortez
3921,Eliza Scanlen
3922,Sasha Calle
3923,Karl Malden
3924,David Cross
3925,Aml Ameen
3926,Brooklyn Toulson
3927,Judy Davis
3928,Ronnie del Carmen
3929,Émilie Dequenne
3930,Buddy Ebsen
3931,Gabrielle Echols
3932,Yoo Ji-tae
3933,Tomoko Yamaguchi
3934,Paul Sanchez
3935,Jonathan Haagensen
3936,Sharon Stone
3937,Brian Haley
3938,Masaki Okada
3939,Charles Dance
3940,Shiho Niiyama
3941,Madeleine McGraw
3942,Huck Milner
3943,Justice Smith
3944,Fereshte Sarabandi
3945,Matthew Sunderland
3946,Ella Rubin
3947,Cynthia Erivo
3948,Christopher Mintz-Plasse
3949,Alison Doody
3950,Ed Skrein
3951,Fran Kranz
3952,Melissa Benoist
3953,Noah Wiseman
3954,Thomas Haden Church
3955,Jamie Chung
3956,Laura Benanti
3957,Tim Post
3958,Ann Dowd
3959,Ha Jung-woo
3960,Reza Naji
3961,Natasha Richardson
3962,Lewis Pullman
3963,Minami Hamabe
3964,Emilio Estevez
3965,Gerard Butler
3966,Luke Bracey
3967,Arisa Nakano
3968,Simu Liu
3969,Tanay Chheda
3970,Erich von Stroheim
3971,Victor Sjöström
3972,Will Patton
3973,George Peppard
3974,Charles Laughton
3975,Claude-Emmanuelle Gajan-Maull
3976,Jon Gries
3977,Emilio Echevarría
3978,Tom Burke
3979,Justin Timberlake
3980,Alison Oliver
3981,Mike Rianda
3982,Sarah Roemer
3983,James McAvoy
3984,Andrea Bang
3985,Kyle Chandler
3986,Rip Torn
3987,Adrian Grünewald
3988,Charles Melton
3989,Otis Dhanji
3990,Elissa Knight
3991,Jack Haven
3992,Rob Morgan
3993,Michelle Reis
3994,Ed Asner
3995,Frank Overton
3996,Paige O'Hara
3997,Eartha Kitt
3998,Jessie Buckley
3999,Sean Bridgers
4000,Clare-Hope Ashitey
4001,Nils Poppe
4002,Rebecca Pan
4003,Sofia Carson
4004,Mara Wilson
4005,Suraj Sharma
4006,Lorraine Gary
4007,Adam Baldwin
4008,Adriana Paz
4009,Charlie Sheen
4010,Bruce Bennett
4011,Hunter Carson
4012,Lena Waithe
4013,Luis Guzmán
4014,Masahiko Nishimura
4015,Spike Fearn
4016,Leslie Bibb
4017,Hugh Bonneville
4018,Brigitte Lin Ching-Hsia
4019,Darnell Appling
4020,Wayne Morris
4021,Walter Huston
4022,Sarita Choudhury
4023,Rufus Sewell
4024,Olivia Newton-John
4025,Pat O’Brien
4026,Madeleine Harris
4027,Goya Toledo
4028,Peter Macon
4029,Heinz Bennent
4030,Emma Berman
4031,Hidetaka Yoshioka
4032,Nelson Lee
4033,Koyu Rankin
4034,Dominique Henry
4035,Jeffrey Licon
4036,Marion Mack
4037,Rafi Gavron
4038,Donald O'Connor
4039,Terry Crews
4040,Joana Preiss
4041,Baby Joshika Maya
4042,Maria Bakalova
4043,Jesse Bradford
4044,Josh Charles
4045,Andrew Barth Feldman
4046,Leon Lai Ming
4047,Yuki Yamada
4048,Drew Starkey
4049,Kim Sang-kyung
4050,Sessue Hayakawa
4051,Jack Weston
4052,Catherine O'Hara
4053,Boluwatife Treasure Bankole
4054,Henry Czerny
4055,Clotilde Mollet
4056,Ariadna Gil
4057,Sarah Michelle Gellar
4058,Jonathan Bailey
4059,Adam Scott
4060,Andrea Eckert
4061,Nick Nolte
4062,Gina Rodriguez
4063,Ivan Massagué
4064,Graham Norton
4065,Albert Austin
4066,Margit Carstensen
4067,Sarah Paulson
4068,Salma Hayek Pinault
4069,Topher Grace
4070,Cary-Hiroyuki Tagawa
4071,Dylan O'Brien
4072,Julia Ormond
4073,Sunny Suljic
4074,Meredith Hagner
4075,Noriko Hidaka
4076,Brooklynn Prince
4077,R. Madhavan
4078,Jack Scanlon
4079,Steven Yeun
4080,Christine Taylor
4081,Jinpachi Nezu
4082,Laurent Lucas
4083,Lee Braithwaite
4084,Pedro Pascal
4085,Teri Hatcher
4086,James Badge Dale
4087,Gael García Bernal
4088,Alison Brie
4089,Jonathan Sagall
4090,Zaira Wasim
4091,Faye Dunaway
4092,Anna Hutchison
4093,Hannah Waddingham
4094,Ming-Na Wen
4095,Ron Livingston
4096,Ji Dae-han
4097,Peggy Wood
4098,Christian Friedel
4099,Elizabeth Olsen
4100,Jack McBrayer
4101,Ellen DeGeneres
4102,Kevin Garnett
4103,Carl Weathers
4104,Lisa Renee Pitts
4105,Magnus Millang
4106,Jack Benny
4107,Emily Robinson
4108,Mark Harmon
4109,Caitlin Stasey
4110,Álvaro Guerrero
4111,Marco Graf
4112,Song Jae-ho
4113,Richard Gadd
4114,Noah Centineo
4115,Finn Wolfhard
4116,Anna Cobb
4117,Ed Helms
4118,Oscar Martínez
4119,Madhur Mittal
4120,Ethan Suplee
4121,Scatman Crothers
4122,Johnny Flynn
4123,Leandro Firmino
4124,BD Wong
4125,Henry Golding
4126,Rhys Darby
4127,Soma Santoki
4128,Miguel Bosé
4129,Boyd Holbrook
4130,Agathe Rousselle
4131,Paul Reiser
4132,Danny Elfman
4133,Freddie Spry
4134,Lisa Kudrow
4135,Carter John Grout
4136,Alexander Gould
4137,Hans Olav Brenner
4138,Richard DeManincor
4139,Clive Owen
4140,Paul Adelstein
4141,Joel McHale
4142,Shamon Brown Jr.
4143,Ella Rumpf
4144,Dan Fogler
4145,Aldo Giuffrè
4146,Joshua Peace
4147,Shawn Wayans
4148,Jeff Conaway
4149,Kumiko Ohba
4150,Henry Daniell
4151,Javier Godino
4152,Roman Griffin Davis
4153,Rene Russo
4154,Mandy Patinkin
4155,Naomi Ackie
4156,Rosario Dawson
4157,Tati Gabrielle
4158,Toby Kebbell
4159,Noma Dumezweni
4160,Olga Mironova
4161,Elizabeth Lail
4162,Priyanshu Chatterjee
4163,Marlene Dietrich
4164,Go Kyung-pyo
4165,Cade Woodward
4166,Sophie Marceau
4167,Elizabeth McGovern
4168,Nona Gaye
4169,Louis Partridge
4170,Carlos Peralta
4171,Daniel Zolghadri
4172,Agnese Nano
4173,Shannen Doherty
4174,Ben Levi Ross
4175,Lindsay Lohan
4176,Mrunal Jadhav
4177,Freddie Highmore
4178,Masaki Suda
4179,Idina Menzel
4180,Tim McInnerny
4181,Barbara Bel Geddes
4182,Kelvin Harrison Jr.
4183,Abbi Jacobson
4184,Ciarán Hinds
4185,Alana Haim
4186,Helen Hunt
4187,Josh Hutcherson
4188,Giorgio Colangeli
4189,Julianne Nicholson
4190,Tina Majorino
4191,Morgan Davies
4192,Felix Kammerer
4193,Ulrich Matthes
4194,Scott Haze
4195,Mamoudou Athie
4196,Malcolm Waite
4197,Mohamed Ben Kassen
4198,Megan Suri
4199,Ivana Baquero
4200,Austin Stowell
4201,Don Lee
4202,Ally Sheedy
4203,Alan Ford
4204,Chloe East
4205,Richard S. Castellano
4206,Mason Thames
4207,Sofia Boutella
4208,Timothy Olyphant
4209,Toru Furuya
4210,Donald Faison
4211,Christel Baras
4212,James Broderick
4213,Monica Barbaro
4214,James Donald
4215,Solo
4216,Bill Skarsgård
4217,Serge Merlin
4218,Tina Fey
4219,Penn Badgley
4220,Livvy Stubenrauch
4221,Peter Finch
4222,Antonin Artaud
4223,James Cromwell
4224,Dave Franco
4225,Paul Bettany
4226,Jim King
4227,Joan Fontaine
4228,Chase Sui Wonders
4229,Kirby Bliss Blanton
4230,T.J. Miller
4231,Elisabeth Shue
4232,Jaeden Martell
4233,Jake Weary
4234,Laura Gordon
4235,Mia Sara
4236,Retta
4237,Antonia San Juan
4238,Molly Gordon
4239,Douglas Silva
4240,Rob Riggle
4241,Aleksey Serebryakov
4242,Charlie Day
4243,Gabriele Ferzetti
4244,Celia Rowlson-Hall
4245,Amy Yasbeck
4246,Meg Ryan
4247,Ray Winstone
4248,Cho Jin-woong
4249,Virginia Cherrill
4250,Jon Heder
4251,John Magaro
4252,Cooper Hoffman
4253,Billy Connolly
4254,Emily Mortimer
4255,Charles Vanel
4256,Sharman Joshi
4257,Jung Yu-mi
4258,Denis O'Hare
4259,E. Roger Mitchell
4260,Sergi López
4261,Michael Nyqvist
4262,Luke Wilson
4263,Craig T. Nelson
4264,Steven Bauer
4265,Yim Si-wan
4266,Ingrid Torelli
4267,Kevin Dillon
4268,Brandon Perea
4269,Dafne Keen
4270,Romola Garai
4271,Mike Faist
4272,Yalitza Aparicio
4273,Martin Henderson
4274,Jay Ellis
4275,Elisabeth Moss
4276,Simona Tabasco
4277,Margaretha Krook
4278,Barry Nelson
4279,Ava Morse
4280,Michelle Rodriguez
4281,Ege Tanman
4282,Ahney Her
4283,Danny Glover
4284,Hannah John-Kamen
4285,Gale Hansen
4286,Pierfrancesco Favino
4287,Andrew Bachelor
4288,Vijay Sethupathi
4289,Bruno Campos
4290,Ulrich Tukur
4291,Jack Nielen
4292,Naomi Scott
4293,Zain Al Rafeea
4294,Gustav Fröhlich
4295,Matt Bomer
4296,Sachana Namidass
4297,Anna Popplewell
4298,Patrick Stewart
4299,Harry Styles
4300,Jack Klugman
4301,Chris Sanders
4302,Mack Swain
4303,Aleksandr Kaydanovskiy
4304,Vache Tovmasyan
4305,Jane Lynch
4306,Thomas Bo Larsen
4307,Alexandra Jensen
4308,M.C. Gainey
4309,Thandiwe Newton
4310,Hayden Rolence
4311,Nigel Bruce
4312,Ishita Dutta
4313,Natarajan Subramaniam
4314,Mike Vogel
4315,Eli Marienthal
4316,Anthony Ramos
4317,Tom Holland
4318,Keir Dullea
4319,Tuesday Weld
4320,Sarah Gadon
4321,Janet McTeer
4322,Elle Young
4323,RuPaul
4324,Earl Boen
4325,Frederick Vroom
4326,Alexandre Rodrigues
4327,Jonah Hauer-King
4328,Leah Lewis
4329,Robert Sean Leonard
4330,Piper Rubio
4331,Jacob Tremblay
4332,Maria Bonnevie
4333,Jessica Clement
4334,Lily Sullivan
4335,Mireille Enos
4336,Gal Gadot
4337,Shari Finkelstein
4338,Jermaine Fowler
4339,Guilherme Silveira
4340,David Schwimmer
4341,Folco Lulli
4342,Lou Romano
4343,Guy Kibbee
4344,Eli Wallach
4345,Medha Shankr
4346,Gong Yoo
4347,John David Washington
4348,Halle Berry
4349,Ian Foreman
4350,Albrecht Schuch
4351,Vicky Krieps
4352,Jeff Daniels
4353,Louise Lemoine Torrès
4354,Vincent D'Onofrio
4355,Kawsar Al Haddad
4356,Souheila Yacoub
4357,Ellen Sandweiss
4358,Samantha Morton
4359,Juliane Köhler
4360,Andrea Riseborough
4361,Teresa Wright
4362,Sophie Kauer
4363,Deborah Kara Unger
4364,Kim Walker
4365,Rei Hance
4366,Charlotte Prior
4367,Diego Vegezzi
4368,Jiang Wen
4369,Mara Cissé
4370,Maxim Gaudette
4371,Ayano Shiraishi
4372,Archie Renaux
4373,Embeth Davidtz
4374,Anne Le Ny
4375,Alicia Witt
4376,Jalil Lespert
4377,Theo James
4378,Kate Walsh
4379,Jason Segel
4380,Samuel Theis
4381,Lewis Black
4382,Robin Weigert
4383,Kodi Smit-McPhee
4384,Renate Reinsve
4385,Jared Gilman
4386,Hasan Minhaj
4387,William Redfield
4388,Bengt Ekerot
4389,Garance Marillier
4390,Tom Murray
4391,Theo Rossi
4392,Park Yong-woo
4393,Kevin McKidd
4394,Charlbi Dean
4395,Stephen Lang
4396,Barbara West
4397,Zazie Beetz
4398,Harvey Fierstein
4399,Michael B. Jordan
4400,Kathleen Turner
4401,Allison Williams
4402,John Huston
4403,Diane Guerrero
4404,Al Ernest Garcia
4405,Walton Goggins
4406,Vanessa Kirby
4407,Ellen Wong
4408,Harve Presnell
4409,Taylor Momsen
4410,KiKi Layne
4411,Alfred Abel
4412,Kid Cudi
4413,Sarina Farhadi
4414,Imogen Poots
4415,Miyu Irino
4416,Famke Janssen
4417,Carole Lombard
4418,Essie Davis
4419,Masayo Sakai
4420,John Lynch
4421,Milla Jovovich
4422,Auliʻi Cravalho
4423,Logan Lerman
4424,Alden Ehrenreich
4425,Fouzia El Kader
4426,Lizzy Caplan
4427,Claes Bang
4428,Jüri Lumiste
4429,Elizabeth Yu
4430,Kim Su-an
4431,Jaden Smith
4432,Mieko Harada
4433,Taliah Webster
4434,Richard Brake
4435,Ramy Youssef
4436,Yumi Asou
4437,Alan Alda
4438,Kiefer Sutherland
4439,Christian Slater
4440,Forrest Goodluck
4441,Lasse Fogelstrøm
4442,David Kelly
4443,Ben Shenkman
4444,Jeremy Ray Taylor
4445,Neil Fanning
4446,Faye Wong
4447,Lisa Ann Walter
4448,Harris Dickinson
4449,Alisa Freyndlikh
4450,Piper Perabo
4451,Nava Mau
4452,Josh Gad
4453,Alyla Browne
4454,Josh Lucas
4455,Sidney Blackmer
4456,Marina de Tavira
4457,Lisanne Falk
4458,Benedetta Porcaroli
4459,Annette Bening
4460,Barry Bostwick
4461,Jatin Malik
4462,Martine McCutcheon
4463,Anthony Dawson
4464,Reginald VelJohnson
4465,Lucy Davis
4466,George Raft
4467,Richard Roxburgh
4468,George Coulouris
4469,Paulette Goddard
4470,Corey Johnson
4471,Harold Gould
4472,Judd Nelson
4473,Tarō Ishida
4474,Nat Buchanan
4475,Aleksei Kravchenko
4476,Jeffrey Tambor
4477,Amie Donald
4478,Marcia Gay Harden
4479,Ellar Coltrane
4480,Alexander Skarsgård
4481,Bee Vang
4482,Millicent Simmonds
4483,Harold Russell
4484,Ko Shibasaki
4485,Mari Natsuki
4486,Inge Landgut
4487,Lauren Ridloff
4488,Common
4489,Cathy Moriarty
4490,Milo Machado-Graner
4491,Dick Van Dyke
4492,Keri Russell
4493,Enzo Staiola
4494,Esther-Rose McGregor
4495,Dagmara Dominczyk
4496,Efren Ramirez
4497,Harriet Dyer
4498,Claudia Wells
4499,Kathy Baker
4500,Eddie Izzard
4501,Hiroki Doi
4502,Lady Gaga
4503,Jessica Gunning
4504,Ai Matsubara
4505,Eddie Redmayne
4506,Lindsey Jordan
4507,Nafise Jafar-Mohammadi
4508,Laura Harring
4509,Maura Tierney
4510,Tohru Emori
4511,Ruby Cruz
4512,Akari Kito
4513,Hayley Atwell
4514,Abdel Ahmed Ghili
4515,Rupert Everett
4516,Jennifer Prior
4517,Joe Keery
4518,Rory Kinnear
4519,Lionel Atwill
4520,Sergio Bini Bustric
4521,Salvatore Cascio
4522,Mary Elizabeth Mastrantonio
4523,Mike White
4524,Anthony Michael Hall
4525,Abhirami
4526,Catherine Keener
4527,Luis Noah Witte
4528,Sean Young
4529,Cybill Shepherd
4530,Dorian Harewood
4531,Antoine Reinartz
4532,Jenna Ortega
4533,Betty Buckley
4534,Harvey Scrimshaw
4535,David Corenswet
4536,Bill Cobbs
4537,Theresa Tilly
4538,Aoi Yamada
4539,François Cluzet
4540,Chieko Baisho
4541,George Shevtsov
4542,Anthony Quinn
4543,Kazuyoshi Minamimagoe
4544,Lynn Adrianna
4545,Hanno Pöschl
4546,Vincent Cassel
4547,Amanda Bynes
4548,Shigesato Itoi
4549,Fayssal Bazzi
4550,Kelsey Grammer
4551,Yōko Tsukasa
4552,Alyssa Sutherland
4553,Anna Camp
4554,Marie Richardson
4555,Perry Lopez
4556,Natalya Abramova
4557,Maribel Verdú
4558,Léa Drucker
4559,James Caan
4560,Caroline Goodall
4561,Ariel Donoghue
4562,Rei Sakuma
4563,Joy Boushel
4564,Aaron Taylor-Johnson
4565,Akihiro Miwa
4566,Emile Hirsch
4567,Cher
4568,David Alvarez
4569,Yim Seung-min
4570,Jared Harris
4571,Anthony Gonzalez
4572,Lily James
4573,Sally Messham
4574,Klaus Wennemann
4575,Jennifer Lien
4576,Wendi McLendon-Covey
4577,Camilla Rutherford
4578,Michael J. Fox
4579,Adria Arjona
4580,Angus Macfadyen
4581,Brady Hepner
4582,Henry Thomas
4583,Moses Sumney
4584,Pom Klementieff
4585,Will Poulter
4586,Oliver Reed
4587,Lana Condor
4588,Renée Zellweger
4589,Robert Loggia
4590,James Marsden
4591,Rachel Weisz
4592,Dee Wallace
4593,Natascha McElhone
4594,Rachel Zegler
4595,Johann Karthaus
4596,Anna Cathcart
4597,John Cassini
4598,Sophia Lillis
4599,Moira Kelly
4600,Edward G. Robinson
4601,Carl Miller
4602,Nicholas Colasanto
4603,Yuki Kaneko
4604,Frances Fisher
4605,Vince Vaughn
4606,Vincent Lindon
4607,Kathy Bates
4608,Peter Scolari
4609,George Macready
4610,Da'Vine Joy Randolph
4611,Teyonah Parris
4612,Peter van Eyck
4613,Dominic Sessa
4614,Giustino Durano
4615,Melissa McCarthy
4616,Mike Colter
4617,Tokio Emoto
4618,Emma Jenkins-Purro
4619,Brendan Coyle
4620,Leonardo Sbaraglia
4621,Maria Falconetti
4622,Eliane Umuhire
4623,Pam Ferris
4624,Erika Alexander
4625,Cori Gonzalez-Macuer
4626,Chad Michael Murray
4627,Beverly D'Angelo
4628,Sophia Ali
4629,Robert Stack
4630,Noomi Rapace
4631,Daniel Stern
4632,Marlon Wayans
4633,Esteban Bigliardi
4634,Brandon Sklenar
4635,Herbert Nordrum
4636,Burn Gorman
4637,Fana Mokoena
4638,Michael-Leon Wooley
4639,Colm Feore
4640,John McCrea
4641,Paul Whitehouse
4642,Michelle Monaghan
4643,Bob Peck
4644,Jenna Davis
4645,Sophie Cookson
4646,Park So-dam
4647,Lisa Lu
4648,Freya Allan
4649,Hardy Krüger
4650,Aaron Hilmer
4651,Rachel Hilson
4652,Gabe Gomez
4653,Lily Bird
4654,Shinpachi Tsuji
4655,Hubert Koundé
4656,Michael Peña
4657,Ben Burtt
4658,Ian Bliss
4659,Faune Chambers Watkins
4660,Wi Ha-jun
4661,Burgess Meredith
4662,Sandra Oh
4663,Lucian Msamati
4664,Kim Min-hee
4665,Kumail Nanjiani
4666,Tahar Rahim
4667,Owen Teague
4668,Aaron Eckhart
4669,Danielle Deadwyler
4670,Lubna Azabal
4671,Yuria Kozuki
4672,Brady Noon
4673,Glen Cavender
4674,Nick Moran
4675,Gemma Chan
4676,Amy Irving
4677,Corinna Harfouch
4678,Chieko Higashiyama
4679,Miki Jinbo
4680,Asa Butterfield
4681,Benedict Wong
4682,Jai Courtney
4683,Gabriel Byrne
4684,Guillermo Francella
4685,Hanna Alström
4686,Jaimz Woolvett
4687,Wendell Corey
4688,Dennis Quaid
4689,Edward Furlong
4690,Ashton Sanders
4691,Jackie Coogan
4692,Reid Scott
4693,Geoffrey Arend
4694,Barry Humphries
4695,Luna Lauren Velez
4696,Charlie Yeung Choi-Nei
4697,Hailee Steinfeld
4698,Jonny Lee Miller
4699,Jesse Williams
4700,Masaaki Okura
4701,Katsunosuke Hori
4702,Harry Connick Jr.
4703,Kaitlyn Dever
4704,Donna Reed
4705,Geoffrey Rush
4706,Kurt Fuller
4707,Ellie Grainger
4708,Yasuko Sawaguchi
4709,Chris Noth
4710,Swankie
4711,Haya Harareet
4712,Jason London
4713,Domhnall Gleeson
4714,Joel Kinnaman
4715,Gino Saltamerenda
4716,Vladas Bagdonas
4717,Natalie Morales
4718,Fred Clark
4719,Amira Casar
4720,Ryan Potter
4721,Patrick McGoohan
4722,Bradley Pierce
4723,Ariana Greenblatt
4724,Jason Lee
4725,Douglas Rain
4726,Isaiah Mustafa
4727,Jennifer Garner
4728,Kyla Nicolle
4729,Marilyn Burns
4730,Michael Smiley
4731,Orto Ignatiussen
4732,Paul Walter Hauser
4733,Buddy Duress
4734,Taron Egerton
4735,Barry Pearl
4736,Jason Sudeikis
4737,Amber Beattie
4738,Ben Mendelsohn
4739,Monica Potter
4740,Sophie Okonedo
4741,Darsheel Safary
4742,Anant Joshi
4743,Lorelei Linklater
4744,Phyllis Smith
4745,Abigail Breslin
4746,Barry Pepper
4747,Michelle Choi-Lee
4748,Érica Rivas
4749,Mieko Nobusawa
4750,Minami Takayama
4751,Aimyon
4752,Bobby Cannavale
4753,Robert Cummings
4754,Ronny Chieng
4755,Lars Ranthe
4756,Jerry O'Connell
4757,Noah Emmerich
4758,Leslie Zemeckis
4759,Kevin Rahm
4760,Jacki Weaver
4761,Dianne Wiest
4762,Yordanos Shifera
4763,Lari White
4764,Dillon Freasier
4765,Edward Burns
4766,Sareh Bayat
4767,Tom Helmore
4768,Brittany Snow
4769,Tyrone Power
4770,Jack Farthing
4771,Mila Kunis
4772,Viola Davis
4773,Hidetoshi Nishijima
4774,Richard Gere
4775,Orson Bean
4776,Anthony Perkins
4777,Sydney Sweeney
4778,Demián Bichir
4779,Linda May
4780,Mélanie Laurent
4781,Miki Odagiri
4782,Chris Elliott
4783,Ward Crane
4784,Natsuki Hanae
4785,Emilio Buale
4786,Nicolas Cantu
4787,Dexter Fletcher
4788,Dolly de Leon
4789,Igor van Dessel
4790,Saverio Raimondo
4791,Carrie Coon
4792,Dean Winters
4793,Kiddy Smile
4794,Adithi Kalkunte
4795,Adam Boncz
4796,Sosie Bacon
4797,Kevin Pollak
4798,Suhani Bhatnagar
4799,Bert Lahr
4800,Olivia de Havilland
4801,Ernie Sabella
4802,Emilia Clarke
4803,Jena Malone
4804,Michael Clarke Duncan
4805,T.K. Carter
4806,Jonathan Daniel Brown
4807,Douglas M. Griffin
4808,Emilia Fox
4809,Dax Flame
4810,Larry the Cable Guy
4811,Daniel Henshall
4812,Kelly McGillis
4813,Nele Ahrensmeier
4814,Alan Kim
4815,Sarah Vowell
4816,Gabriel Basso
4817,Utkarsh Ambudkar
4818,Patricia Arquette
4819,Christopher Abbott
4820,Haley Lu Richardson
4821,Omar Sy
4822,Tenoch Huerta Mejía
4823,Emma Corrin
4824,Kaia Gerber
4825,Peter Dinklage
4826,Paterson Joseph
4827,Celeste Holm
4828,Jim Farley
4829,Dorris Bowdon
4830,Blair Underwood
4831,Pablo Rago
4832,Jamie Bell
4833,Mark Pellegrino
4834,Danny Ramirez
4835,Katie Holmes
4836,John Ortiz
4837,Jason Alexander
4838,Skandar Keynes
4839,Eddie Deezen
4840,Mark Dacascos
4841,Shailene Woodley
4842,Barbara Magnolfi
4843,Andy García
4844,Sebastian Koch
4845,Vondie Curtis-Hall
4846,Linda Fiorentino
4847,Jack Oakie
4848,Richard Jeni
4849,Na-kel Smith
4850,Michelle Trachtenberg
4851,Joel Edgerton
4852,David Carradine
4853,Sikandar Kher
4854,Robin Wright
4855,Yuko Tanaka
4856,Helene Bjørnebye
4857,Peter O'Toole
4858,Claire Danes
4859,Rumi Hiiragi
4860,Jennifer Coolidge
4861,Carrie Henn
4862,Terrence Howard
4863,Diego Calva
4864,Olivia Wilde
4865,Minnie Driver
4866,Kurt Egyiawan
4867,Park Yu-rim
