director_id,director_name
1,Isaac Florentine
2,Luca Guadagnino
3,Peter Farrelly
4,Olle Hellbom
5,Robert F. McGowan
6,Jaume Collet-Serra
7,Russ Meyer
8,Al Adamson
9,Rosa von Praunheim
10,Carlos Saldanha
11,Mike Leigh
12,Teruo Ishii
13,Jules White
14,Peter Greenaway
15,Ray Dennis Steckler
16,Takena Nagao
17,Guillermo del Toro
18,Conrad Helten
19,William Hellfire
20,Giuseppe Andrews
21,Katsuya Watanabe
22,Tyler Gillett
23,Wong Kar-wai
24,Marc Webb
25,Nick Park
26,Carl Reiner
27,Steve Martino
28,Peter Bogdanovich
29,Delmer Daves
30,Matthew Vaughn
31,Robert Siodmak
32,Koji Shiraishi
33,Barry Mahon
34,Charlie Chaplin
35,Jia Zhangke
36,Sathyan Anthikad
37,Toshio Matsumoto
38,John Guillermin
39,Ethan Coen
40,Paul Hoen
41,Jodie Mack
42,Noah Baumbach
43,Ang Lee
44,Kenny Ortega
45,Tim Burton
46,Joseph Kane
47,Doug Campbell
48,David A. Prior
49,Rudolf Ising
50,Eric Cloutier
51,Hiroyuki Imaishi
52,Blake Edwards
53,Cheryl Dunye
54,Jean-Marie Straub
55,Walter Hill
56,Bertrand Tavernier
57,Michel Gondry
58,Tony Dow
59,Robert Breer
60,Jon M. Chu
61,Nobuhiro Aihara
62,Abbas Kiarostami
63,Fritz Lang
64,Dustin Ferguson
65,Bill Morrison
66,Ub Iwerks
67,Mark Jean
68,Andrea Arnold
69,Christopher Nolan
70,Roscoe 'Fatty' Arbuckle
71,Barbara Hammer
72,Teo Hernández
73,Trey Parker
74,Claire Denis
75,Alfred Vohrer
76,Todd Phillips
77,M. Night Shyamalan
78,Hawley Pratt
79,Dan Berk
80,Masahiko Otsuka
81,Andrew Kötting
82,David Cronenberg
83,Matt Bettinelli-Olpin
84,K. S. Ravikumar
85,Chris McInroy
86,Stephen Quay
87,Mark L. Lester
88,"Arthur Rankin, Jr."
89,Adam McKay
90,Elia Kazan
91,Gerald Thomas
92,Park Chan-wook
93,Michael Curtiz
94,Alexandre Promio
95,Ngozi Onwurah
96,Neill Blomkamp
97,Lloyd Kaufman
98,Theo Angelopoulos
99,Asghar Farhadi
100,Dave Fleischer
101,Leon Hirszman
102,Chris Marker
103,Ari Aster
104,Charles Grosvenor
105,F. Gary Gray
106,Ismael Rodríguez
107,Jared Masters
108,Huck Botko
109,Shana Moulton
110,Joseph Barbera
111,Fernando Di Leo
112,Otto Messmer
113,Frederick Wiseman
114,Derek Jarman
115,Akira Kurosawa
116,Mel Brooks
117,Norifumi Suzuki
118,Ron Howard
119,Yasuzō Masumura
120,Jacques Demy
121,Francis Lawrence
122,Robert Aldrich
123,Stuart Gillard
124,Jane Campion
125,Kodi Ramakrishna
126,David Lynch
127,Samuel Fuller
128,Antonio Margheriti
129,Lal Jose
130,Paul Thomas
131,Stéphane Bernasconi
132,Timothy Quay
133,Billy Wilder
134,Robert Zemeckis
135,Denis Villeneuve
136,Robert Morgan
137,Seymour Kneitel
138,Jim Henson
139,Robert Vince
140,Shōgorō Nishimura
141,Fred Olen Ray
142,Raúl Ruiz
143,George A. Romero
144,D.W. Griffith
145,Jun Robles Lana
146,David Fincher
147,Albert Pyun
148,Peter de Rome
149,Zdeněk Troška
150,Brian K. Roberts
151,Hamish Hamilton
152,Bill Baggs
153,Ishirō Honda
154,Hollis Frampton
155,John Waters
156,Rohit Shetty
157,Yoshiyuki Tomino
158,Agnès Varda
159,Clyde Geronimi
160,Mark Polonia
161,Xavier Dolan
162,Izzy Sparber
163,Bruno Mattei
164,Joe Dante
165,Werner Herzog
166,Walerian Borowczyk
167,Ron Oliver
168,Louis Lumière
169,Mani Ratnam
170,Tex Avery
171,William Beaudine
172,Alice Rohrwacher
173,Raoul Walsh
174,Renny Harlin
175,Peter Jackson
176,Vittorio De Sica
177,Walt Disney
178,Jean Rollin
179,Steve Rudzinski
180,Frank Borzage
181,Isaac Rodriguez
182,Eli Roth
183,Ryan Polito
184,Hal Roach
185,Corey Yuen Kwai
186,Chantal Akerman
187,Thomas Ridgewell
188,François Ozon
189,Howard Hawks
190,Douglas Sirk
191,Phil Roman
192,Shawn Levy
193,Sean McNamara
194,Steven Soderbergh
195,David Hand
196,Sam Liu
197,George Sidney
198,Kinji Fukasaku
199,Lee Hardcastle
200,Krzysztof Kieślowski
201,Noriaki Yuasa
202,Jun Fukuda
203,Steve Cutts
204,Sidney Lumet
205,Victoria Vincent
206,William Dieterle
207,George Miller
208,Lesley Selander
209,Wenn V. Deramas
210,Henry Hathaway
211,James H. White
212,Yasujirō Ozu
213,Gaspar Noé
214,E.V.V. Satyanarayana
215,Mamoru Hosoda
216,Yukihiko Tsutsumi
217,Bob Peterson
218,Douglas Camfield
219,Cecelia Condit
220,Éric Rohmer
221,William Hanna
222,Luis Buñuel
223,Paul Verhoeven
224,Jonas Mekas
225,Mike Nawrocki
226,Terry Ingram
227,Ernie Gehr
228,Kōyū Ohara
229,Chor Yuen
230,Anne Émond
231,Takashi Shimizu
232,Winsor McCay
233,John Cassavetes
234,Adam Elliot
235,Dylan Clark
236,Tom McGrath
237,Alan Resnick
238,Auguste Lumière
239,Fred Worden
240,John Woo
241,Charles Band
242,Roberto Rossellini
243,Kazuhiro Nakagawa
244,Joseph Bernard
245,Johnnie To
246,Jack King
247,Dean DeBlois
248,Friz Freleng
249,Roy Mack
250,Harald Reinl
251,Baz Luhrmann
252,Jesús Franco
253,Jean Negulesco
254,Ladislav Smoljak
255,Vince Collins
256,Nick Zedd
257,Cirio H. Santiago
258,Satyajit Ray
259,Georges Méliès
260,James Cameron
261,Hal Hartley
262,Edgar Wright
263,Kevin Fair
264,Pete McTighe
265,John Sturges
266,Tobe Hooper
267,Dario Argento
268,James Benning
269,Joel Gallen
270,Masaru Konuma
271,Chuck Jones
272,Sam Newfield
273,Gautham Vasudev Menon
274,Doris Wishman
275,Kevin Jerome Everson
276,Pasupuleti Krishna Vamsi
277,Paco Plaza
278,Jean-Luc Godard
279,Katsuhiko Fujii
280,Gakuryu Ishii
281,Jeff Leroy
282,Rob Reiner
283,Lamberto Bava
284,Dallas Jenkins
285,Tsai Ming-liang
286,Owen Patnaude
287,Richard Thorpe
288,Nicolas Winding Refn
289,Steven Spielberg
290,Andrew Ruse
291,Ken Russell
292,Hong Sang-soo
293,Ben Russell
294,Herschell Gordon Lewis
295,Stuart Gordon
296,William K.L. Dickson
297,Robert Altman
298,Roman Polanski
299,John Cherry
300,Jeff Tremaine
301,Shinya Tsukamoto
302,Wolfgang Reitherman
303,Beyoncé
304,Edward F. Cline
305,Jim Jarmusch
306,Harmony Korine
307,Mike Flanagan
308,Godfrey Ho
309,Spike Lee
310,James W. Horne
311,Pedro Almodóvar
312,René Cardona
313,Edward Dmytryk
314,Sundar C
315,Gordon Douglas
316,Lo Wei
317,Don Hertzfeldt
318,Richard Donner
319,James Mangold
320,Chris Columbus
321,Danny Boyle
322,Lloyd Bacon
323,Gus Van Sant
324,Conrad Vernon
325,Ernst Lubitsch
326,John Musker
327,Petra Cortright
328,Federico Curiel
329,Kōji Wakamatsu
330,Paul Wheeler
331,Sofia Coppola
332,John Huston
333,William A. Wellman
334,Brad Baruh
335,Haruo Sotozaki
336,Glauber Rocha
337,Pete Walker
338,Arturo Ripstein
339,Tim Story
340,Eric Notarnicola
341,Kenji Mizoguchi
342,Edoardo Leo
343,Tsui Hark
344,Hirokazu Kore-eda
345,Takashi Ito
346,Martin Scorsese
347,Mervyn LeRoy
348,Josh Safdie
349,Tyler Perry
350,John Ford
351,Terrence Malick
352,Wong Jing
353,John Frankenheimer
354,Daniel Scheinert
355,Michael Haneke
356,Roger Corman
357,Ho Meng-Hua
358,Todd Haynes
359,Christian Petzold
360,Danièle Huillet
361,Bong Joon Ho
362,Scott Derrickson
363,Carolee Schneemann
364,Jim Cummings
365,Joe Russo
366,Richard Rich
367,Carl Theodor Dreyer
368,Robert McKimson
369,Raja Gosnell
370,David DeCoteau
371,Mike Thurmeier
372,Jack Hannah
373,Shūji Terayama
374,Gary Whitson
375,Gerry Chiniquy
376,Stephen Frears
377,Bill Melendez
378,George Sherman
379,Bill Plympton
380,Wilfred Jackson
381,Todd Solondz
382,Andy Warhol
383,Sion Sono
384,Taika Waititi
385,Don Siegel
386,Anurag Kashyap
387,Albert Birney
388,Kuei Chih-Hung
389,Barry Levinson
390,Herman Yau
391,Ram Gopal Varma
392,Paul Thomas Anderson
393,Chris Renaud
394,Umberto Lenzi
395,Terence Fisher
396,Enzo G. Castellari
397,David Silverman
398,Frank Tashlin
399,Pier Paolo Pasolini
400,Yuen Woo-Ping
401,Sammo Hung Kam-Bo
402,Jorge Furtado
403,Andy Sidaris
404,Basil Dearden
405,Ken Loach
406,Lance Bangs
407,Tim Hill
408,Michael Apted
409,Ron Clements
410,Rainer Werner Fassbinder
411,Norman McLaren
412,Karel Janák
413,J. Lee Thompson
414,Garry Marshall
415,Hari
416,Lotta Losten
417,Seth Breedlove
418,Jan Švankmajer
419,Tom Rubnitz
420,Sachi Hamano
421,Rob Zombie
422,David Lean
423,Zhang Yimou
424,James Parrott
425,William Lau
426,Edward L. Cahn
427,Christopher Barry
428,Dziga Vertov
429,Alan Rudolph
430,Antoine Fuqua
431,Kogonada
432,Michael J. Murphy
433,Terence Davies
434,Mike Nichols
435,Ryuichi Hiroki
436,Guy Ritchie
437,Nathan Plank
438,Michael Powell
439,Kirsten Lepore
440,Takeshi Kitano
441,Stan Brakhage
442,Jim Wynorski
443,Shankar
444,Darren Aronofsky
445,David F. Sandberg
446,Luchino Visconti
447,Joel Coen
448,John Carpenter
449,Buster Keaton
450,Hugh Harman
451,McG
452,Alex Davies
453,Wim Wenders
454,Norman Taurog
455,Lav Diaz
456,Kazuya Tsurumaki
457,Zhang Yuan
458,Francis Ford Coppola
459,Yorgos Lanthimos
460,Benny Safdie
461,J.R. Bookwalter
462,Jean Painlevé
463,Freddie Francis
464,John Lasseter
465,Roy Ward Baker
466,Alice Guy-Blaché
467,James Gunn
468,Sreenu Vaitla
469,Robert N. Bradbury
470,Tony Scott
471,Michael Mann
472,Paul Schrader
473,Joseph W. Sarno
474,Ralph Thomas
475,Gary Halvorson
476,Edwin S. Porter
477,Kurt Kren
478,Craig Pryce
479,Paul Feig
480,Curt McDowell
481,Mack Sennett
482,Jules Bass
483,Tom Clegg
484,Lucio Fulci
485,Roland Emmerich
486,Mario Bava
487,Steven Kostanski
488,Larry Cohen
489,Andre de Nervaux
490,Sadaaki Haginiwa
491,King Hu
492,Jacques Rivette
493,Hisayasu Satô
494,Marcel Carné
495,Gilbert M. Anderson
496,Sam Peckinpah
497,Burt Gillett
498,Richard Fleischer
499,Chang Cheh
500,Ti West
501,Seijun Suzuki
502,Chito S. Roño
503,Len Lye
504,Sam Raimi
505,James Wan
506,John Landis
507,Yang Fudong
508,Anthony Mann
509,Becky Sloan
510,Genndy Tartakovsky
511,Priyadarshan
512,Clint Eastwood
513,Shunji Iwai
514,Henry Koster
515,André Téchiné
516,Quentin Dupieux
517,Makoto Shinkai
518,Jonathan Demme
519,Val Guest
520,Doug Liman
521,Richard Kern
522,Adam Wingard
523,Manoel de Oliveira
524,Joseph L. Mankiewicz
525,Alan Clarke
526,Koichi Sakamoto
527,Apichatpong Weerasethakul
528,John Hubley
529,Manny Rodriguez
530,Anthony Russo
531,François Truffaut
532,Claude Chabrol
533,Walter R. Booth
534,Lynne Sachs
535,Robert Olsen
536,Jay Oliva
537,Can Evrenol
538,Gregg Araki
539,David Gordon Green
540,Lana Wachowski
541,Mark Waters
542,Paul Wendkos
543,Federico Fellini
544,Jim Van Bebber
545,Aki Kaurismäki
546,Jesse V. Johnson
547,Guy Maddin
548,Abel Ferrara
549,Uwe Boll
550,George Cukor
551,Darren Lynn Bousman
552,Del Lord
553,Petter Baiestorf
554,Ray Enright
555,Frank Capra
556,Ridley Scott
557,Robert Clampett
558,Gillian Armstrong
559,Adam Shankman
560,Zack Snyder
561,Les Blank
562,John McTiernan
563,Al Jarnow
564,Nicole Holofcener
565,Jūzō Itami
566,Steve McQueen
567,Takashi Miike
568,Hayao Miyazaki
569,Mikio Naruse
570,Michael Bay
571,David Yates
572,Joe Berlinger
573,Adam Green
574,Lau Kar-Leung
575,Wes Anderson
576,Valentin Vaala
577,Nobuhiko Obayashi
578,Richard Linklater
579,William Heise
580,Júlio Bressane
581,Oliver Stone
582,Dennis Dugan
583,Émile Reynaud
584,Edward Bernds
585,Victor A. Martin
586,Todd Sheets
587,Charles Moisson
588,Kenneth Branagh
589,Roy William Neill
590,Allan Dwan
591,Woody Allen
592,Quentin Tarantino
593,Louis Feuillade
594,Anatole Litvak
595,Marco Ferreri
596,Nicholas Ray
597,Ken Jacobs
598,Segundo de Chomón
599,James A. FitzPatrick
600,Jonni Peppers
601,Eli Hayes
602,Peggy Ahwesh
603,Kunihiko Yuyama
604,Lawrence Gordon Clark
605,Henry King
606,Masaaki Yuasa
607,Joel Haver
608,Paul W. S. Anderson
609,Stanley Kubrick
610,Hideaki Anno
611,Vincente Minnelli
612,Chad Ferrin
613,Hamilton Luske
614,Kevin Smith
615,Joe D'Amato
616,Cathy Garcia-Sampana
617,Spike Jonze
618,David Maloney
619,Lars von Trier
620,Ingmar Bergman
621,Puri Jagannadh
622,Laurent Bouzereau
623,David S. Cass Sr.
624,Billy Bitzer
625,William Wyler
626,Kiyoshi Kurosawa
627,David Firth
628,Ryan Trecartin
629,Robert Stevenson
630,John Polonia
631,Kelly Reichardt
632,Wes Craven
633,Brian Levant
634,Sibi Malayil
635,Brian De Palma
636,Alice Maio Mackay
637,Jack Kinney
638,Joshiy
639,Alfred Hitchcock
640,Brian Klein
641,Robert Rodriguez
642,Joel Schumacher
643,Lana Wilson
644,Charles Burnett
645,Ousmane Sembène
646,Jalmari Helander
647,Edward Sanders
648,Arthur Penn
649,Eric Wareheim
650,Ivan Reitman
651,Neil Jordan
652,Gary Trousdale
653,Michio Yamamoto
654,Ettore Scola
655,Shane Meadows
656,Caroline Kopko
657,Sergei Eisenstein
658,Jill Gevargizian
659,Jamie Benning
660,Daniel Petrie
661,Grigori Kozintsev
662,David Slade
663,Neil Marshall
664,Henry Selick
665,Adinah Dancyger
666,Bill Wurtz
667,Justine Triet
668,Trevor Bather
669,Daniel Kwan
670,Jonathan Goldstein
671,Sebastián Silva
672,Antonio Campos
673,Anthony Pullen Shaw
674,Ciro Guerra
675,Allan Moyle
676,Farah Khan
677,Sharon Maguire
678,Tim Heidecker
679,Aneesh Chaganty
680,Keith Truesdell
681,Carlos Hugo Christensen
682,Gordon Flemyng
683,Levan Akin
684,David Zellner
685,Victor Sjöström
686,Haruka Fujita
687,Charles Vidor
688,Oliver Hirschbiegel
689,John Michael McDonagh
690,Martin Rosen
691,Nino Oxilia
692,Jun Ki-sang
693,Satsuo Yamamoto
694,Kenji Nakamura
695,David A. Weiner
696,Julia Loktev
697,Ken Ando
698,Olivia Wilde
699,Jacques Audiard
700,Larry Charles
701,Oren Peli
702,Leigh Janiak
703,Paul Mazursky
704,Norman Jewison
705,Bosook Coburn
706,Jon Favreau
707,Barbra Streisand
708,Benjamin Christensen
709,Ted Demme
710,Rich Moore
711,Sidney Franklin
712,Norman Z. McLeod
713,Carla Simón
714,Richard Friedman
715,Bill Roberts
716,Theo Barnard
717,Trần Anh Hùng
718,Bernard Deyriès
719,Karlheinz Hundorf
720,Dimitri Kirsanoff
721,Louis C.K.
722,Lindsay Anderson
723,Michael Anderson
724,Terry Jones
725,Morten Arnfred
726,Brandon James Scott
727,Dave Filoni
728,Shunsuke Ishikawa
729,Jim Sharman
730,James Algar
731,Radu Jude
732,Euros Lyn
733,Takahisa Zeze
734,Tetsuro Araki
735,Andrew Dominik
736,Harold Ramis
737,Bridget Caldwell
738,Olivier Assayas
739,Andrei Tarkovsky
740,Alex Proyas
741,Karissa Hahn
742,Joaquim Dos Santos
743,Charlotte Zwerin
744,"Arthur J. Bressan, Jr."
745,Lasse Hallström
746,Josh Boone
747,Daniel Farrands
748,Peter Yates
749,Eduardo Coutinho
750,Patrick Tam Kar-ming
751,Sean Durkin
752,Lynn Novick
753,Bob Fosse
754,Ariel M
755,Willard Huyck
756,Larry Leichliter
757,Edward D. Wood Jr.
758,Chris Palmer
759,Michael Rymer
760,Marty Schousboe
761,TheHottest Dog
762,Curtis Hanson
763,Yorgos Zois
764,Ulrich Seidl
765,Richard LaGravenese
766,Carlos Reygadas
767,Sam Wrench
768,Luke Sheppard
769,Éric Toledano
770,Tony Richardson
771,Davis Guggenheim
772,Mohsen Makhmalbaf
773,Louis Malle
774,Joe Talbot
775,Philip Barantini
776,Emma Napper
777,Jim Sheridan
778,Laura Poitras
779,Megan Park
780,Sôichi Umezawa
781,Julie Dash
782,Muzhi Yuan
783,Amelia Lorenz
784,Hiroshi Hamasaki
785,Masaki Kobayashi
786,Aida Zyablikova
787,Nick Cassavetes
788,Mike Csunyoscka
789,Roberto Gavaldón
790,Soi Cheang
791,Anwar Rasheed
792,Su Friedrich
793,Nan Goldin
794,Christopher Kezelos
795,Takao Nagaishi
796,Edgar Reitz
797,Jim Hosking
798,Mel Gibson
799,Cosey Fanni Tutti
800,Gary Beydler
801,Tensai Okamura
802,Fredi Devas
803,J.J. Abrams
804,Tim Van Patten
805,Jean Cocteau
806,Tom McCarthy
807,James Gray
808,Carole Roussopoulos
809,Franklin J. Schaffner
810,Bertie
811,Robert Eggers
812,Robert Mulligan
813,Rose Glass
814,Jonah Hill
815,Richard Curtis
816,Lawrence Kasdan
817,Kim Jee-woon
818,Paul Nicholas
819,Nitesh Tiwari
820,Peter Foldès
821,Stephen J. Anderson
822,Michio Mihara
823,Paolo Virzì
824,Michael Snow
825,Vincent Scarza
826,Ari Folman
827,Joe Perota
828,Jerry Zucker
829,Cole Sanchez
830,David Chung
831,Jan Troell
832,Gina Prince-Bythewood
833,Thom Hilton
834,Erich von Stroheim
835,Leos Carax
836,Sylvain Chomet
837,Roger Vadim
838,Jay Roach
839,Hisayuki Toriumi
840,Elia Suleiman
841,Bert
842,Clay Tatum
843,Steve Sacks
844,Franco Piavoli
845,Norman Ferguson
846,Toru Takahashi
847,Eunyoung Choi
848,Ava DuVernay
849,Kiyotaka Oshiyama
850,Guru Dutt
851,Tynan DeLong
852,Andy Muschietti
853,Peter Weir
854,Tony Kaye
855,Raz Vahn
856,Roger Kumble
857,Chris McKay
858,Norman Foster
859,Mikhail Kalatozov
860,Tom Tykwer
861,Ishmael Bernal
862,Jon Watts
863,Debra Granik
864,Tomoya Takahashi
865,Fernand Léger
866,Jun Shishido
867,Daniel Lucchesi
868,Ermanno Olmi
869,John Mackenzie
870,Gillian Robespierre
871,Stephen Chow
872,Craig Zobel
873,Jacques Ducom
874,Liz Clare
875,Tomoki Kobayashi
876,Jennifer Lee
877,Patrick Carey
878,Jeffrey Friedman
879,Rungano Nyoni
880,Keiichiro Saito
881,Michael Lehmann
882,Steve Binder
883,Robinson Devor
884,Helen Shaver
885,Ben Stiller
886,Morton DaCosta
887,Brian Taylor
888,Jennifer Lynch
889,Atsushi Takahashi
890,Johan Renck
891,Oleksandr Dovzhenko
892,David Ayer
893,Hikaru Tsukuda
894,Harry Elfont
895,S. Craig Zahler
896,Alejandro González Iñárritu
897,Owen Harris
898,Johei Matsuura
899,Garrett Bradley
900,Joseph Kahn
901,Craig Robert Bruss
902,Yoshiyuki Takei
903,Errol Morris
904,Lizzie Borden
905,Emile Ardolino
906,Steve Hoefer
907,Dwayne Carey-Hill
908,Yorifusa Yamaguchi
909,Edward Zwick
910,Larry Peerce
911,Paulo Rocha
912,Edward Yang
913,Jennifer Kent
914,Andrew DeYoung
915,Hendel Butoy
916,Keenen Ivory Wayans
917,Nora Fingscheidt
918,Gavin Taylor
919,Mike Gabriel
920,Ron Shelton
921,Richard Lester
922,Jack Arnold
923,Jim Stenstrum
924,Fred C. Newmeyer
925,Jean Vigo
926,František Vláčil
927,Shane Black
928,Brian Large
929,George Matthews
930,Martine Chartrand
931,Ryūsuke Hamaguchi
932,Tomas Alfredson
933,René Clément
934,Bruce Sinofsky
935,Morgan Neville
936,Milton Lage
937,Joseph Nanni
938,Richard Benjamin
939,David Bowers
940,Nuri Bilge Ceylan
941,Hideki Ito
942,Stuart Rosenberg
943,Bo Burnham
944,Roy Andersson
945,Taylor Swift
946,Masahiko Watanabe
947,Ken Burns
948,Yoshihide Ibata
949,Benh Zeitlin
950,Luc Besson
951,Rogelio A. González
952,J. Michael Muro
953,Jérémie Périn
954,Shekhar Kapur
955,Dileesh Pothan
956,Huw Cordey
957,Sam Taylor
958,Kim Hee-won
959,Jackie Chan
960,Terry Zwigoff
961,Tom Green
962,Ibra Ake
963,Rian Johnson
964,Peter Ramsey
965,Christopher Storer
966,Shannon Hartman
967,Jesse Eisenberg
968,Enrico Casarosa
969,Rocco Urbisci
970,Destin Daniel Cretton
971,Micah Bickham
972,Eliza Hittman
973,Henri-Georges Clouzot
974,Adam Rehmeier
975,Michael Cimino
976,Kenji Misumi
977,Seth Rogen
978,Simon J. Smith
979,Dan Povenmire
980,Adam Leon
981,Matthew Bright
982,Art Clokey
983,Kunihiko Ikuhara
984,Sergei Parajanov
985,Frank Lloyd
986,Gavin O'Connor
987,Christopher Miller
988,Paweł Pawlikowski
989,Yukihiro Miyamoto
990,Lynne Ramsay
991,Trent Harris
992,Christopher McQuarrie
993,Joe Johnston
994,Lam Nai-Choi
995,Chad Stahelski
996,Morgan Spurlock
997,Daniel Sloss
998,Joseph Kosinski
999,Patrick Wang
1000,Jed Tuminaro
1001,Masayuki
1002,Cameron Crowe
1003,Bill Condon
1004,Alberto Mielgo
1005,Leo McCarey
1006,Ritwik Ghatak
1007,Orson Welles
1008,Jung Byung-gil
1009,James Glickenhaus
1010,Majid Majidi
1011,Ulu Grosbard
1012,Julien Faraut
1013,Lance Oppenheim
1014,Bernardo Bertolucci
1015,Duncan Jones
1016,Bill Forsyth
1017,Kirk Wise
1018,Carlos López Estrada
1019,Hannah Fidell
1020,John Sayles
1021,King Vidor
1022,Luke Turner
1023,S. S. Rajamouli
1024,Rouben Mamoulian
1025,Andrey Zvyagintsev
1026,Shimit Amin
1027,Kim Won-suk
1028,João Pedro Rodrigues
1029,James Lapine
1030,Sam Levinson
1031,Takashi Takahashi
1032,Nicolas Roeg
1033,Yoshiko Mikami
1034,Jorma Taccone
1035,Jean-Marc Vallée
1036,Joe Wright
1037,Parker Finn
1038,Rolf de Heer
1039,Alice Wu
1040,Gillo Pontecorvo
1041,Charles Crichton
1042,Akio Jissoji
1043,Phil Solomon
1044,Emeric Pressburger
1045,Aaron Sorkin
1046,Parker Brennon
1047,Ryuichi Kimura
1048,Jane Schoenbrun
1049,Margaret Tait
1050,John Grissmer
1051,Maren Ade
1052,Michael Lindsay-Hogg
1053,Atom Egoyan
1054,Shu Lea Cheang
1055,Tamara Jenkins
1056,Abel Gance
1057,Viktor Sokolov
1058,Jonathan Glazer
1059,Nobuhiro Suwa
1060,Jonathan Lynn
1061,Akitoshi Yokoyama
1062,Marlon Riggs
1063,Stanley Nelson
1064,Marilou Diaz-Abaya
1065,Chadden Hunter
1066,H. C. Potter
1067,Fred Toye
1068,Ron Fricke
1069,Joe Thomas
1070,Thomas Kail
1071,Pavel Juráček
1072,Tomio Yamauchi
1073,Jared Hess
1074,Bertrand Bonello
1075,David Nutter
1076,Pedro Costa
1077,Nacer Khemir
1078,Emerald Fennell
1079,Costa-Gavras
1080,John Crowley
1081,Joan Craft
1082,Yann Gonzalez
1083,Sydney Pollack
1084,John Lacey
1085,Alan J. Pakula
1086,Frank Miller
1087,Suzan Pitt
1088,Hiroyuki Tsuchiya
1089,Karen Arthur
1090,Nadine Labaki
1091,Fede Álvarez
1092,Robert Redford
1093,Joachim Trier
1094,Gerardo de Leon
1095,Samantha Stark
1096,William Greaves
1097,Jan de Bont
1098,Jeff Burr
1099,Patricio Guzmán
1100,Ken Takahashi
1101,Whit Stillman
1102,George Lucas
1103,Mohammad Rasoulof
1104,Terry Chiu
1105,Irvin Kershner
1106,Ted Kotcheff
1107,James Woodroffe
1108,Mark Dindal
1109,John Badham
1110,Margarida Cordeiro
1111,Georges Franju
1112,Dan Fraga
1113,Jean Eustache
1114,Andrew Infante
1115,Kaneto Shindō
1116,Ryan Coogler
1117,Bert Haanstra
1118,Damien Chazelle
1119,Lila Neugebauer
1120,Gia Coppola
1121,Owen Hurley
1122,Kazuhisa Ono
1123,Masami Anno
1124,Alfonso Cuarón
1125,G.W. Pabst
1126,Michael Schultz
1127,Joe Meredith
1128,Lukas Moodysson
1129,Jacob Kirkegaard
1130,Brice Dellsperger
1131,Wes Ball
1132,Hwang Dong-hyuk
1133,Vicky Jenson
1134,Joseph Salomone
1135,John Francis Daley
1136,Tomás Gutiérrez Alea
1137,Alex Timbers
1138,Kitty Green
1139,Elem Klimov
1140,Terry Gilliam
1141,Robert Drew
1142,Ernest R. Dickerson
1143,Jack Stauber
1144,William Friedkin
1145,Jacques Tourneur
1146,Lee Isaac Chung
1147,Kazuo Hara
1148,Tony To
1149,Dan Gordon
1150,Mark Cousins
1151,Hiroshi Ikehata
1152,Jim Abrahams
1153,Charlie Kaufman
1154,Masanobu Hiraoka
1155,Luis Fernando Frías de la Parra
1156,Bob Clark
1157,David B. Jacobs
1158,Florian Zeller
1159,Andrew Haigh
1160,Chris Hegedus
1161,Hiroyuki Ishido
1162,Binka Zhelyazkova
1163,Bob Dylan
1164,David Leitch
1165,James McTeigue
1166,Juliana Rojas
1167,Deepa Dhanraj
1168,Brandon Cronenberg
1169,Zeinabu irene Davis
1170,Kayla Abuda Galang
1171,Sophie Bruneau
1172,Yuichiro Hayashi
1173,Beth McCarthy-Miller
1174,Simon Langton
1175,Paul Reubens
1176,Stefano Sollima
1177,Tom Ford
1178,Fred Halsted
1179,Hiromasa Yonebayashi
1180,Kathryn Bigelow
1181,Leni Riefenstahl
1182,William Lustig
1183,Nathan Greno
1184,Tomm Moore
1185,Yuji Nunokawa
1186,Tommy Lee Wallace
1187,Takayuki Tanaka
1188,Maya Gunhilda
1189,Sunghoo Park
1190,Melina Matsoukas
1191,Peter Shin
1192,Mike Judge
1193,Ellen Giffard
1194,Andrew Jarecki
1195,Michael Dougherty
1196,Patrick Osborne
1197,Nicholas Gurewitch
1198,Sam Wood
1199,Rhys Thomas
1200,Warren Beatty
1201,Yoshihiro Yamaguchi
1202,Penny Marshall
1203,M. Manikandan
1204,Ruben Östlund
1205,David Byrne
1206,Jake Szymanski
1207,Mike Newell
1208,Halina Reijn
1209,Kojiro Tsuruoka
1210,Zachary Hatch
1211,Valerie Faris
1212,Kanji Wakabayashi
1213,Robert Moore
1214,Amy Heckerling
1215,Cristi Puiu
1216,James Foley
1217,Pierre Séguin
1218,Thom Eberhardt
1219,Sarah Jacobson
1220,Brett Morgen
1221,Oh Yoon-dong
1222,Yuzuru Tachikawa
1223,Stanley Kramer
1224,Richard Casey
1225,Zach Hadel
1226,Mary Harron
1227,Michael Wadleigh
1228,James Purdum
1229,Kristoffer Borgli
1230,Emilio P. Miraglia
1231,Chris Smith
1232,Samuel Armstrong
1233,Yugo Sakamoto
1234,Mia Hansen-Løve
1235,Robert B. Weide
1236,Irving Pichel
1237,Hua Shan
1238,Ed Charles
1239,Elizabeth Ito
1240,William Peter Blatty
1241,Bruce Brown
1242,P.J. Hogan
1243,Koji Yoshikawa
1244,Nicholas Meyer
1245,Zach Cregger
1246,Jeff Nichols
1247,Jessica Hausner
1248,Pete Docter
1249,James L. Brooks
1250,Kimo Proudfoot
1251,Viktar Dashuk
1252,Sam Campbell
1253,Dennis Hopper
1254,Yoshio Kuroda
1255,Ted Nicolaou
1256,Patrick Bokanowski
1257,Dino Risi
1258,Manny Liotta
1259,Panos Cosmatos
1260,Craig Gillespie
1261,Chris Bould
1262,Cooper Raiff
1263,Yasushi Ochi
1264,Alastair Fothergill
1265,Shigetaka Ikeda
1266,Toshihiro Iijima
1267,Toby Haynes
1268,Cristóbal León
1269,Toshiya Shinohara
1270,Stanley Donen
1271,Carl Franklin
1272,Tetsuya Endo
1273,Jacques Becker
1274,Edward Berger
1275,Sarah Polley
1276,Mark Haefeli
1277,Jon Turteltaub
1278,Tom Shadyac
1279,Sam Jaimes
1280,Ben Sharpsteen
1281,Robert Connolly
1282,Edgar G. Ulmer
1283,Isao Takahata
1284,RaMell Ross
1285,Bradley Cooper
1286,Yukio Okazaki
1287,Hiroshi Butsuda
1288,Park Jun-soo
1289,Soda Jerk
1290,Yuliya Solntseva
1291,Ladj Ly
1292,Dan Scanlon
1293,Ol Parker
1294,Robbie Banfitch
1295,Shingo Natsume
1296,Steph Green
1297,Rogério Sganzerla
1298,Sylvester Stallone
1299,Jonathan Miller
1300,Yasuhiro Geshi
1301,Dimitri Simakis
1302,Will Gluck
1303,Tommy Wiseau
1304,Ben O'Brien
1305,Zoltán Huszárik
1306,Nathan Fielder
1307,Anthony Minghella
1308,Rachel Talalay
1309,Djibril Diop Mambéty
1310,Alan Wareing
1311,Paul Sharits
1312,Sam Mendes
1313,John Cameron Mitchell
1314,Ikuro Sato
1315,Christopher Guest
1316,Benjamin Caron
1317,Tomohiko Ito
1318,Tim Miller
1319,Nick Morris
1320,Nathan Zellner
1321,Michael Cusack
1322,Alexander Payne
1323,Mamoru Oshii
1324,Ivan Passer
1325,Oscar Micheaux
1326,Barbara Kopple
1327,Daniel Ribeiro
1328,Jason Kim
1329,Rob Minkoff
1330,Armando Iannucci
1331,Paul Seed
1332,Robert Wise
1333,Martin Ritt
1334,Chris Sanders
1335,Rob Epstein
1336,J. Mahendran
1337,Hisatoshi Shimizu
1338,Chris Hilson
1339,Tom Kingsley
1340,Hiroshi Teshigahara
1341,Kenneth Bowser
1342,Lee Daniels
1343,Jacob Young
1344,Andrew Stanton
1345,Hou Hsiao-hsien
1346,Casper Kelly
1347,Sam Miller
1348,Hlynur Pálmason
1349,Jerzy Skolimowski
1350,Michel Hazanavicius
1351,Stanley Tong Gwai-Lai
1352,Nastja Säde Rönkkö
1353,Stephen Chbosky
1354,Emma Seligman
1355,Brenda Chapman
1356,Stan Lathan
1357,Daniel Myrick
1358,Phil Lord
1359,Bruce Timm
1360,Robert Beavers
1361,Brian Henson
1362,D. A. Pennebaker
1363,Wang Bing
1364,Alexander Hammid
1365,Michelangelo Antonioni
1366,Sergey Bondarchuk
1367,Blitz Bazawule
1368,Phil Joanou
1369,George Roy Hill
1370,Jordan Belson
1371,Max Ophüls
1372,Cary Joji Fukunaga
1373,Lucie Guest
1374,Todd Field
1375,Richard Irving
1376,Dušan Kovačević
1377,Thomas Burke
1378,Hisato Shimoda
1379,Tod Browning
1380,James Nguyen
1381,Bas Devos
1382,Shoko Nakamura
1383,Travis Knight
1384,Stanley Tucci
1385,Anders Thomas Jensen
1386,Matt Johnson
1387,Bailey T. Steen
1388,John Hughes
1389,Ilya Naishuller
1390,Alex Garland
1391,Paul Newman
1392,Sahil Khan
1393,Graham Heid
1394,Hal Ashby
1395,Goran Stolevski
1396,Sally Cruikshank
1397,Paul Greengrass
1398,Leslie Iwerks
1399,Lina Wertmüller
1400,Akihiko Shiota
1401,Ryosuke Nakamura
1402,Carl Tibbetts
1403,Karyn Kusama
1404,Victor Fleming
1405,Damiano Damiani
1406,Nagisa Ōshima
1407,Nobuyoshi Arai
1408,Veronika Franz
1409,Turner Ross
1410,Karel Zeman
1411,Jean-Pierre Dardenne
1412,Evan Johnson
1413,Jack White
1414,Kevin Lima
1415,Martin McDonagh
1416,Jean Renoir
1417,Mark Osborne
1418,Douglas Mackinnon
1419,Banjong Pisanthanakun
1420,Andrzej Żuławski
1421,Chicho Ibáñez Serrador
1422,Catherine Breillat
1423,Anne Fletcher
1424,Christine Gernon
1425,Don Hall
1426,Felix van Groeningen
1427,Todd Holland
1428,Sean Baker
1429,David Frankel
1430,Deepa Mehta
1431,Matt Spicer
1432,Joanna Hogg
1433,Marguerite Duras
1434,Hiroshi Saito
1435,Sergio Leone
1436,John L. Spencer
1437,Jean-Xavier de Lestrade
1438,Scott Frank
1439,Kit Zauhar
1440,Michael Sarnoski
1441,Teinosuke Kinugasa
1442,Otto Preminger
1443,Greg Richardson
1444,Alejandro Amenábar
1445,Satoshi Kon
1446,Scott Barley
1447,Luiz Sérgio Person
1448,Kelly Asbury
1449,George Seaton
1450,James Whale
1451,Matt Reeves
1452,Sam Hargrave
1453,Joseph Pelling
1454,Colin Higgins
1455,John Maclean
1456,Reed Morano
1457,Diao Yi-nan
1458,Chelsea Christer
1459,Johnny Zito
1460,Masaji Nonagase
1461,Leigh Whannell
1462,Sean Penn
1463,Byron Howard
1464,John Michael McCarthy
1465,Bob Rafelson
1466,Vincent Gallo
1467,Yoon Jong-ho
1468,Neil Breen
1469,Miguel Gomes
1470,Vincent Patar
1471,Lee Chang-dong
1472,Michael Cumming
1473,Grigori Aleksandrov
1474,Savage Steve Holland
1475,James Franco
1476,Jeffery Motyll
1477,José Padilha
1478,Cristian Mungiu
1479,Nic Maier
1480,Jonas Åkerlund
1481,Richard Kelly
1482,René Clair
1483,Gillian Wallace Horvat
1484,Nzingha Stewart
1485,Guillaume Brac
1486,Daniel Alfredson
1487,Gore Verbinski
1488,Angela Robinson
1489,Elaine May
1490,Jeff Kurtti
1491,Ville Lipiäinen
1492,Mark Zakharov
1493,Don Bluth
1494,Amanda McBaine
1495,Steve James
1496,Hettie Macdonald
1497,Chris Dugan
1498,Taylor Sheridan
1499,Luc Dardenne
1500,Thomas Vinterberg
1501,Gareth Edwards
1502,Toshihiro Ito
1503,Michael Moore
1504,Kevin Perjurer
1505,Barry Jenkins
1506,William R. Kowalchuk Jr.
1507,George Armitage
1508,Gerard Johnstone
1509,Bernie Denk
1510,Carlos Saura
1511,Damon Packard
1512,Kaizo Hayashi
1513,Masashi Koizuka
1514,Michael Chaves
1515,Neil LaBute
1516,Andrew Adamson
1517,Richard Ayoade
1518,Chuck Russell
1519,Marcell Jankovics
1520,Eadweard Muybridge
1521,Josef von Sternberg
1522,Victor Dubyna
1523,Kenneth Lonergan
1524,Jamie Uys
1525,Tony Ching Siu-Tung
1526,Conner O'Malley
1527,Rich Correll
1528,Larisa Shepitko
1529,Derek Savage
1530,Shinichiro Watanabe
1531,Catherine Hardwicke
1532,Nick Easton
1533,Madonne Ashwin
1534,Stanley Kwan Kam-Pang
1535,Luke Scott
1536,Boots Riley
1537,Cory Finley
1538,Christian Watt
1539,Katsuhiro Otomo
1540,Jonathan Reiss
1541,Fernando Meirelles
1542,Alberto Cavalcanti
1543,Eric Radomski
1544,Akiva Schaffer
1545,David Mackenzie
1546,Nora Ephron
1547,Deborah Kaplan
1548,Eagle Pennell
1549,Dan Trachtenberg
1550,Joe Hunting
1551,Danny Scharar
1552,Josie Trinidad
1553,Albert Lamorisse
1554,Naoko Yamada
1555,Karthik Subbaraj
1556,David Robert Mitchell
1557,T. Hee
1558,Jean-Pierre Jeunet
1559,Joan Micklin Silver
1560,Yang Yu
1561,Kazuhiro Ozawa
1562,Coralie Fargeat
1563,Ben Affleck
1564,Simon Cellan Jones
1565,Rachel Jardine
1566,Norton Virgien
1567,Jimmy Hayward
1568,Steve Hickner
1569,Nikos Nikolaidis
1570,James Watkins
1571,Michelangelo Frammartino
1572,Miloš Forman
1573,Jared Leto
1574,Stéphane Aubier
1575,Tom Bagaloogie
1576,Andrew Davis
1577,Gene Stupnitsky
1578,Kazuho Mitsuta
1579,Srđan Spasojević
1580,Riley Stearns
1581,Lupu Pick
1582,Bill Gunn
1583,Adrian Lyne
1584,Francesco Barilli
1585,Jonathan Dayton
1586,Fred Dekker
1587,Mahiro Maeda
1588,Nobutaka Yamaoka
1589,Claude Berri
1590,Martin Campbell
1591,Susanna White
1592,Joshua Oppenheimer
1593,René Cardona Jr.
1594,Philip Kaufman
1595,Hajime Tsuburaya
1596,Mark Pellington
1597,Tooru Yoshida
1598,Sean Wang
1599,Asif Kapadia
1600,Charles de Lauzirika
1601,Albert Maysles
1602,David Zucker
1603,Barry Cook
1604,Raj Kapoor
1605,Na Hong-jin
1606,James Bobin
1607,Dexter Fletcher
1608,Maya Deren
1609,Mike Mills
1610,John Boorman
1611,James Wong
1612,Alan Barillaro
1613,Ujicha
1614,John Singleton
1615,Bart Layton
1616,Shusuke Kaneko
1617,David Maysles
1618,Rob Savage
1619,David Lowery
1620,Masahiro Shinoda
1621,Kevin Dunn
1622,Evan Goldberg
1623,Yosuke Fujita
1624,Todd Michael Smith
1625,Albert Brooks
1626,F. W. Murnau
1627,James DeMonaco
1628,Preston Sturges
1629,Miranda July
1630,Jack Priestley
1631,Bryan Forbes
1632,Jon Avnet
1633,Chris Wedge
1634,Rebecca Sugar
1635,Jasper James
1636,Pietro Germi
1637,Mike Figgis
1638,Tom Holland
1639,Jemaine Clement
1640,John Carney
1641,Joe Penna
1642,John G. Avildsen
1643,Stephen Dwoskin
1644,James Hawes
1645,Anthony Leroy
1646,Payal Kapadia
1647,Charlotte Wells
1648,Kenneth Anger
1649,Frank Oz
1650,Eric Fogel
1651,Jennifer Yuh Nelson
1652,Sohrab Shahid Saless
1653,Chloé Zhao
1654,Gustav Turefeldt
1655,Margot Gordon
1656,Věra Chytilová
1657,Ward Kimball
1658,Sean King O'Grady
1659,Wilson Yip
1660,Michelle Citron
1661,Trey Edward Shults
1662,Alain Resnais
1663,Damien Leone
1664,Nikos Grammatikos
1665,Jason Reitman
1666,Shane Carruth
1667,Chris Eyre
1668,Emily Ann Hoffman
1669,Dave Wascavage
1670,Emir Kusturica
1671,Bertrand Mandico
1672,Joaquín Cociña
1673,Fred Zinnemann
1674,Alejandro Jodorowsky
1675,Joseph Sargent
1676,David Prior
1677,Godfrey Reggio
1678,Olivier Nakache
1679,Chris Buck
1680,Florian Henckel von Donnersmarck
1681,Kim Ki-duk
1682,Béla Tarr
1683,Frank Darabont
1684,Bruce Gowers
1685,Bruce Hendricks
1686,Pál Fejős
1687,Bill Ross
1688,Drew Goddard
1689,John Lounsbery
1690,Mark Neveldine
1691,J.G. Quintel
1692,James Ponsoldt
1693,Melvin Van Peebles
1694,Bridget Underwood
1695,Phil Tippett
1696,Michael John Warren
1697,David Mamet
1698,Aleksey Balabanov
1699,Phil Alden Robinson
1700,Alan Parker
1701,Bernard Derriman
1702,Antonio Pietrangeli
1703,Víctor Erice
1704,Susumu Mitsunaka
1705,Keita Amemiya
1706,Karen Disher
1707,Blair Simmons
1708,Kazuo Ikehiro
1709,Tengiz Abuladze
1710,Gregory La Cava
1711,Naomi Kawase
1712,Pablo Larraín
1713,Mitsuhiro Yoneda
1714,Jordan Peele
1715,Paul Bartel
1716,Robert Rossen
1717,Fuga Yamashiro
1718,Lee Unkrich
1719,Tim Ritter
1720,Tony Trov
1721,Brady Corbet
1722,John Hillcoat
1723,Terry Hughes
1724,Rachel Lee Goldenberg
1725,Walter Salles
1726,Jennie Livingston
1727,Michael Matheson
1728,Renji Kawabata
1729,Alan Mak Siu-Fai
1730,Clyde Bruckman
1731,Greta Gerwig
1732,Severin Fiala
1733,Lenny Abrahamson
1734,Todd Douglas Miller
1735,Jack Sholder
1736,Costa Botes
1737,Dan O'Bannon
1738,Steve Bendelack
1739,Nikolaj Arcel
1740,Nabwana IGG
1741,Greg Mottola
1742,Masakazu Amiya
1743,Bruce Conner
1744,Takashi Nakamura
1745,Arthur Lipsett
1746,Dikayl Rimmasch
1747,Thiagarajan Kumararaja
1748,Juraj Herz
1749,Akihiko Nishiyama
1750,Tetsuya Nakashima
1751,Céline Sciamma
1752,Brad Bird
1753,Matthew Rankin
1754,Wojciech Jerzy Has
1755,Alain Gagnol
1756,Howard Zieff
1757,Joss Whedon
1758,Chris Miller
1759,Tom Hanks
1760,Peter Avanzino
1761,Noah Illas
1762,Peter Watkins
1763,Loren Bouchard
1764,Frank Henenlotter
1765,Gary Goldman
1766,David Gill
1767,C. Prem Kumar
1768,Geoff Wonfor
1769,Robert Iscove
1770,David Litchfield
1771,John Krasinski
1772,Shinobu Sasaki
1773,Dea Kulumbegashvili
1774,Gary Ross
1775,Martin Arnold
1776,Jun Falkenstein
1777,Madeleine Parry
1778,Guel Arraes
1779,Kevin Brownlow
1780,Jules Dassin
1781,Ian Talbot
1782,Tad Stones
1783,Med Hondo
1784,Don Hahn
1785,Penelope Spheeris
1786,Ernest B. Schoedsack
1787,Jeremy Saulnier
1788,Leonard Nimoy
1789,Claude Lanzmann
1790,Shouji Saeki
1791,Julia Ducournau
1792,Andy Devonshire
1793,Lilly Wachowski
1794,Leonid Gaidai
1795,Cy Endfield
1796,Questlove
1797,Gurinder Chadha
1798,Jon McBride
1799,Robert Bresson
1800,Osgood Perkins
1801,Jean-Pierre Melville
1802,Anna Biller
1803,Domee Shi
1804,Rakeysh Omprakash Mehra
1805,Adam Curtis
1806,Bi Gan
1807,Rob Marshall
1808,Richard Senior
1809,Yuri Norstein
1810,Todd Tourso
1811,António Reis
1812,Ezekiel Norton
1813,James Ivory
1814,Jack Clayton
1815,Héctor Babenco
1816,Kevin Reynolds
1817,Alex Cox
1818,Jerry Schatzberg
1819,Nick Hurran
1820,Ethan Spaulding
1821,Martin Brest
1822,Nanako Shimazaki
1823,Paul Dugdale
1824,Jesse Moss
1825,Paul McGuigan
1826,Marcus Nispel
1827,Gareth Evans
1828,Patrick Brice
1829,Mike Carson
1830,Jeremy Podeswa
1831,Rushio Moriyama
1832,Jason Eisener
1833,Kevin Sullivan
1834,Jerry Lewis
1835,Fabián Bielinsky
1836,Charles August Nichols
1837,Michael Gracey
1838,Josh Cooley
1839,Larry Clark
1840,Larry Jordan
1841,Taylor J. Williams
1842,Kei Tsunematsu
1843,Liu Jiayin
1844,Stephen Daldry
1845,Jocelyne Saab
1846,Giuseppe Tornatore
1847,Kahlil Joseph
1848,Derek Cianfrance
1849,Shunya Ito
1850,John Duigan
1851,Carol Reed
1852,Demián Rugna
1853,Gene Kelly
1854,Peter Ho-Sun Chan
1855,Valie Export
1856,Vivienne Medrano
1857,Nancy Meyers
1858,Galen Johnson
1859,Tetsuya Watanabe
1860,Marc Caro
1861,Shinji Higuchi
1862,Kō Nakahira
1863,Peter Tscherkassky
1864,Gavin Hood
1865,Clive Barker
1866,Dean Fleischer Camp
1867,Dan Riba
1868,Tate Taylor
1869,Lotte Reiniger
1870,Takashi Yamazaki
1871,Jacques Tati
1872,Harold Harris
1873,Bennett Miller
1874,Mark Jenkin
1875,Thomas Schlamme
1876,Lino Brocka
1877,Kelly Fremon Craig
1878,Harry Bradbeer
1879,Paul King
1880,Ali Abbasi
1881,Shigeaki Kubo
1882,David Mirkin
1883,Nobuo Nakagawa
1884,Ronny Yu
1885,Barry Sonnenfeld
1886,Hirokazu Yamada
1887,Kirsten Johnson
1888,Ulysses Jenkins
1889,Robert Machoian
1890,Ida Lupino
1891,Ilya Khrzhanovsky
1892,Peyton Reed
1893,T. J. Gnanavel
1894,Mimi Cave
1895,Bryan Singer
1896,Sergio Pablos
1897,Yeon Sang-ho
1898,Jamie Babbit
1899,Mathieu Kassovitz
1900,Phyllida Lloyd
1901,Marc Forster
1902,Darius Marder
1903,Andy Serkis
1904,Terry George
1905,Andy Fickman
1906,Joel Crawford
1907,Cathy Yan
1908,Thea Sharrock
1909,Chris Williams
1910,Jeff Rowe
1911,Elizabeth Banks
1912,Çağan Irmak
1913,Michael Philippou
1914,Robert Luketic
1915,Max Barbakow
1916,Roger Allers
1917,Eric Darnell
1918,Mark Andrews
1919,J.A. Bayona
1920,Randal Kleiser
1921,Aaron Horvath
1922,Mike Rianda
1923,Alan Taylor
1924,Nishikant Kamat
1925,Drew Hancock
1926,Jason Moore
1927,Lukas Dhont
1928,Mike Johnson
1929,Sam Esmail
1930,James Marsh
1931,Vidhu Vinod Chopra
1932,Zoë Kravitz
1933,Mark Mylod
1934,Scott Beck
1935,Wolfgang Petersen
1936,Justin Baldoni
1937,Danny DeVito
1938,Michael Mohan
1939,Susan Johnson
1940,Jake Kasdan
1941,Cameron Cairnes
1942,Ruben Fleischer
1943,Ryan Fleck
1944,Kemp Powers
1945,Richard Marquand
1946,Gavin O’Connor
1947,Celine Song
1948,Louis Leterrier
1949,Pierre Coffin
1950,Roberto Benigni
1951,Rupert Wyatt
1952,Dev Patel
1953,Tony Bancroft
1954,Matthew López
1955,Chris Weitz
1956,Neil Burger
1957,Gary Winick
1958,Damián Szifron
1959,Gil Junger
1960,Juan José Campanella
1961,Glenn Ficarra
1962,Colin Trevorrow
1963,Nithilan Saminathan
1964,David O. Russell
1965,Kelsey Mann
1966,Cord Jefferson
1967,Mark Herman
1968,Michael Showalter
1969,Julius Onah
1970,Peter Sohn
1971,Cate Shortland
1972,Morten Tyldum
1973,Aamir Khan
1974,Seth MacFarlane
1975,Roger Michell
1976,Autumn de Wilde
1977,Lee Cronin
1978,Galder Gaztelu-Urrutia
1979,Rajkumar Hirani
1980,Anna Kendrick
1981,Gabriele Muccino
1982,Emma Tammi
1983,Susanne Bier
1984,Patty Jenkins
1985,Matt Shakman
1986,Donald Petrie
1987,Lin-Manuel Miranda
1988,Gints Zilbalodis
1989,Nima Nourizadeh
1990,Weronika Tofilska
1991,Mark Gustafson
1992,Dan Gilroy
1993,Bob Persichetti
